id,name,taxa_kind_id_name,description,col_id,eol_id,Nome Italiano,Portamento,Altezza,Tipo di vegetazione,Limite altitudinale inferiore,Limite altitudinale superiore,Inizio fioritura,Fine fioritura,Autore,Diffusione,Ciclo riproduttivo,Forma biologica,Codifica numerica,Progressivo
"39","Orchidacee","Famiglia","Piante erbacee perenni a fg. intere e nervature parallele (eccetto in <em>Goodyera</em>). F. (in tutti i generi europei) semplice ed eretto; inflor. in spiga o racemo semplice. Fi. zigomorfi, pentaciclici; perianzio composto di 2 verticilli di 3 tepali. Dei 3 esterni, il mediano di solito poco diverso dai laterali. Dei 3 interni, i 2 laterali identici tra loro, il terzo, detto labello, quasi sempre molto diverso per forma e colore, spesso prolungato alla base in uno sperone. Nella maggior parte dei generi (esclusi <em>Nigritella</em>, <em>Microstylis</em> ed<em> Epipogium</em>) il fi. è resupinato, ossia il labello, che dovrebbe occupare la posizione superiore, si trova invece in posizione inferiore a causa di una torsione dell'ovario ? del peduncolo. Androceo e gineceo fusi in una struttura detta il ginostemio, talvolta prolungata in un rostro. Stami fertili soltanto 2 del verticillo interno (sezione <em>Diandrae</em>, solo genere <em>Cypripedium</em>) oppure 1 del verticillo esterno (sezione Monandrae, tutti gli altri generi). Il polline è conglutinato in masse o pollini, uno per ciascuna loggia dell'antera; i pollini sono forniti di una ghiandola vischiosa (il retinacolo), a cui possono essere attaccati mediante un filamento (caudicola). In alcuni generi le caudicole dei due pollimi sono connesse ad un solo retinacolo comune. I retinacoli possono essere racchiusi in una borsicola. Ovario infero, sessile o peduncolato; fr. una capsula a 3 o 6 costole; semi minutissimi e numerosi. Bibl.: Camus E. G., Icon. des Uchìdées d'Europe et du Bassin médit. Paris (1921, 1929); Keller G. und Schlechter R., Monogr. und Icon. der Orchideen Europas und des Mittelm. Berlin-Dahlem (1925-1939); Danesch E. und O., Orchideen Europas: Mitteleuropa. Bern und Stuttgart (1962); id. Orchideenforopas: Südeuropa. Bern und Stuttgart (1969); Sundermann H., Europäische und mediterrane Orchideen. Hildesheim (1975).<br /><strong>PREPARAZIONE E CONSERVAZIONE</strong> - Le Orchidee, bellissime in natura, quando vengano seccate per l'erbario perdono i colori ed assumono una tinta brunastra in tutte le parti fiorali; per conservarne i colori si può usare il metodo seguente: il materiale fresco, poche ore dopo la raccolta viene impregnato d'anidride solforosa (ad es. rinchiudendolo in una scatola nella quale si fa bruciare una pastiglia di zolfo - lasciare il materiale nei vapori di zolfo per parecchie ore!); dopo questa operazione le piante avvizziscono molto rapidamente: esse vengono messe tra carta assorbente e seccate con il metodo normale; in pochi giorni le corolle assumono una tinta brunastra, ma con il procedere della disseccazione progressivamente riprendono i colori naturali; la disseccazione è lenta (spesso 15 giorni e più), ma alla fine i colori risultano come nel vivo o addirittura più smaglianti. Per la presenza di micorrize il trapianto delle Orchidee è spesso difficile.<br />Tutte le Orchidee sono piante in pericolo, talora anche minacciate d'estinzione: si raccomanda di evitarne raccolte distruttive: una buona diapositiva vale di più di un'esemplare d'erbario!</p>
Per F. Rasetti (Roma) - Un manoscritto delle Orchidee italiane estremamente sintetico, ma chiarissimo e molto aggiornato venne preparato già nel 1954-55 da L. Ferlan (Bergamo): esso corrispondeva alla forma succinta della prima stesura di questa Flora. Questo è stato uno degli ultimi lavori del compianto amico, finissimo osservatore ed autore di numerosi dettagliatissimi disegni di Orchidee del nativo Goriziano. Il manoscritto del Ferlan, con gli aggiornamenti successivi è stato il punto di partenza per la presente redazione, dovuta al Rasetti.","","","","","","","","","","","","","","","",""
"490","Orchidaceae Gruppo V","Gruppo","","","","","","","","","","","","","","","","",""
"519","Neottia nidus-avis","Specie"," Pianta saprofita afilla interam. bruno-giallastra; rz. diviso in fibre contorte, irregolarm. aggomitolate; f. eretto, robusto, lucido, completam. avvolto da scaglie rigonfio-amplessicauli, lanceolate (2-3.5 cm). Inflor. 20-30flora, densa o con fi. inf. ± distanziati; brattee lesi-niformi, le inf. di 2-3 cm, le sup. di 1-2 X 5-10 mm; ovario (1 cm) incurvato; tepali esterni ed interni conniventi, ovati, ottusi, circa di uguale lunghezza (5 mm); labello bilobo (3 X 10-12 mm) con lobi divergenti, privo di sperone; fi. giallo-bruni (i tepali di un bruno intenso) debolm. profumati.</p>
<strong>Nota</strong> - «Con il suo aspetto singolare, la colorazione (come un spettro bruno tra le piante verdi sec. Reichenbach) ed il gomitolo formato da numerose fibre radicali carnose ed infeltrite assieme a forma di nido, la Neottia rappresenta indubbiamente una delle più curiose piante della nostra flora, ed anche nell'ambito delle Orchidee, che pure son tanto ricche di aspetti strani» (Ziegenspeck H. in Kirchner, Loew und Schroeter, Lebensgeschichte der Blutenpfl. Mitteleur.). In effetti questa pianta si nutre per via eterotrofa consumando la sostanza organica presente nel suolo come humus o come micelio fungino; questa sostanza viene assorbita attraverso le radici, che tuttavia sono molto brevi. Quando esse hanno esaurito le sostanze nutritive presenti in una certa area, degenerano, mentre una gemma avventizia in posizione subapicale produce un nuovo rizoma dal quale si sviluppa un fusto fiorifero ed una nuova radice che occupa nuove porzioni di terreno più ricche di nutrimento. In questo modo la pianta può occupare sempre nuove zone, dalle quali ricava nutrimento ed espandersi, mentre l'apparato radicale assume il caratteristico aspetto a nido.","5423177b6a0786a01b07fc39d6afb169","1137778","Nido d'Uccello","Pianta perenne erbacea","20-30 cm","Boschi di latifoglie, soprattutto faggete","0","1500","Maggio","Luglio","(L.) L. C. Rich.","","","G rhiz","1495001",""
"518","Corallorhiza trifida","Specie","Rd. di aspetto coralloide, formata da tubercoli carnosi biancastri, diam. 2-3 mm, intricati e sviluppantisi in un piano; f. eretto avvolto dalle guaine almeno nella metà inf., in alto un po' inverdito e clorofilliano. Fg. prive di clorofilla, ridotte alla sola guaina bruna, striate, con apice divergente. Racemo 3-9 fioro (talora anche 1 fi. singolo); fi. distanziati, arcuato-penduli su peduncoli di 2 mm: ovario 7 mm; brattee brune, triangolari (1 mm); tepali verde-giallastri, gli esterni 4-5-6 mm, gli interni un po' più brevi; labello più breve dei tepali oblungo, bianco con macchie porporine, presso la base portante 2 lobi lat. spesso indistinti; sperone mancante.","466f82fda00aca3a2a0a8e72e127deb0","1092012","Coralloriza","Pianta perenne erbacea","8-20 cm","Boschi densi su terreno ricco di humus (soprattutto peccete, abetine e faggete)","1200","1900","Giugno","Luglio","Chatel","","","G rhiz","1458001",""
"517","Epipogium aphyllum","Specie","Rz. carnoso, coralloide; f. eretto, afillo (fg. ridotte a brevi squame), arrossato in alto; pianta saprofita senza clorofilla. Fi. 2-8, non resupinati (labello rivolto verso l'alto); tepali esterni ed interni simili, giallastri, lanceolato-lineari (12-14 mm); labello trilobo (12-13 mm): lobo med. navicolare con 4 creste carnose crenulate, purpureo-violacee; sperone saccato, arcuato-ascendente.","510574f52b1af1789852089b37c9d200","1098515","Epipogio","Pianta perenne erbacea","8-30 cm","Boschi densi (faggete, peccete o abetine) su terreno ricco di humus","400","1900","Luglio","Agosto","(Schmidt) Swartz","","","G rhiz","1484001",""
"516","Limodorum abortivum","Specie","Rz. fascicolato, carnoso; f. eretto, verde-violaceo, senza vere fg., ma con guaine fogliacee dello stesso colore. Inflor. con 6-20 fi. spaziati, violacei; brattee superanti l'ovario; perianzio violaceo; tepali ' lat. esterni patenti, lanceolati (4-6 X 15-20 mm), acuti; te-pali interni lunghi altrettanto, ma più stretti; labello 15-17 mm, stretto alla base, dilatato nella parte anteriore, intero, a margini rialzati, di un viola più scuro sul bordo e lungo le venature; sperone discendente, cilindrico (10-15 mm).","c778db12cb37163535e95390a3214258","1140870","Fior di legna","Pianta perenne erbacea","20-80 cm","Boschi submediterranei e faggete termofile.","0","1200","Maggio","Luglio","(L.) Swartz ","","","","1483001",""
"489","Orchidaceae Gruppo IV","Gruppo","","","","","","","","","","","","","","","","",""
"515","Spiranthes","Genere","","6d3e09af45e855e4d0adf016c4733b9c","29174","","","","","","","","","","","","","",""
"605","Spiranthes spiralis","Specie","Simile a <em>Spirantes aestivalis</em>, ma fg. in rosetta laterale, ovate a ellittiche (7-11 X 12-25 mm); f. senza vere fg., ma con alcune scaglie; inflor. più densa; fi. bianco-verdastri.","ef116962a22ed902b3b50549a8063c71","1130275","Viticcini autonnali","Pianta perenne erbacea","10-25 cm","Pinete e prati aridi","0","900","Ottobre","Novembre","(L.) Koch","","","G rhiz","1490001",""
"604","Spiranthes aestivalis","Specie","Rd. 3-4, carnose, fusiformi; f. sottile e gracile. Fg. 1 X7-12 cm, lineari, ± erette. Fi. numerosi in racemo denso lungo fino a 10 cm, spiralato; brattee per lo più superanti l'ovario; tepali bianchi, tutti conniventi, lanceolati (5 mm), ottusi; labello pure bianco, privo di sperone, oblungo (5 mm), dilatato all'apice.</p>
<strong>Nota</strong> - Molto caratteristica è nelle specie di Spiranthes la torsione dell'asse dell'inflor., che si manifesta già durante la crescita della stessa: i fi. ne risultano ordinati a spirale.","88a015dd4012cc8aebc7dfa351d2206d","1130308","Viticcini estivi","Pianta perenne erbacea","15-30 cm","Prati torbosi","0","1300","Giugno","Luglio","(Lam.) L. C. Rich.","","","G rhiz","1490002",""
"514","Goodyera repens","Specie","Rz. orizzontale con stoloni striscianti bianco-rosei, radicanti ai nodi; f. ascendenti, puberuli in alto. Fg. basali 4-7 in rosetta, glabre, spatolate, con picciuolo largo 2-3 mm e lungo quanto la lamina, questa ellittica, acuta (8-12 X 18-25 mm), a 5 nervi anastomosati; fg. cauli-ne 2-3, lineari, strettam. avvolgenti il f. Inflor. unilaterale, generalm. un po' incurvata all'apice, lunga 5-15 cm; te-pali esterni conniventi, ovati, ottusi, con peli ghiandolosi ai margini; tepali interni aderenti al margine del tepalo esterno med. (tutti i tepali di 3-4 mm); labello ovato-gozzuto alla base con una linguetta terminale ovato-triangolare (4 mm).</p>
<strong>Nota</strong> - Specie presente in tutto l'emisfero boreale, con distribuzione essenzialmente continentale, da noi probabilmente presente come relitto di clima freddo ed asciutto durante il postglaciale. Vive in contatto con i cuscinetti di muschio, quindi nei nostri climi appare legata ai boschi di aghifoglie, parti-colarm. pinete. Sviluppa simbiosi micorrizi-ca con i microrganismi del suolo di questo ambiente.</p>
Goodyer J. (sec. XVII), botanico inglese.","00179349e3f4309626672521ebe5e176","1112379","Godiera","Pianta perenne erbacea","10-30 cm","Pinete montane a Pino nero e Pino silvestre.","500","1800","Giugno","Agosto","(L.) R. Br.","","","G rhiz","1504001",""
"513","Liparis loeselii","Specie","Rz. fibroso fascicolato. Fg. generalm. 2, basali, oblanceolato-spatolate (1-2 X 4-8 cm). Racemo lasso con 2-12 fi. giallastri; tepali esterni lanceolati (5 mm), gli interni strettam. lineari, riflessi, lunghi quasi altrettanto; labello ovato (4.5 mm), privo di sperone, a margini rialzati.</p>
Loesel H. (1607-1655), autore di una Flora della Prussia.","87ce4689ab8329a1787dfafe58083a68","1140586","Liparide","Pianta perenne erbacea","8-20 cm","Prati umidi torbosi, paludi.","0","600","Maggio","Giugno","(L.) L. C. RicL","","","G rhiz","1556001",""
"512","Hammarbya paludosa","Specie","Rz. obliquo con 2-3 bulbi distanziati; f. giallastro, eretto, angoloso. Fg. una su ciascun bulbo, con lamina ovale a lanceolata, a 3-7 nervi, spesso anche con una gemma avventizia apicale. Inflor. a 10-20 fi., piccoli, giallo-verdognoli; te-pali esterni triangolari, binervi, gli interni più brevi e sottili, patenti con apice ricurvo; labello intero, ovale, più scuro del resto del fi., con faccia concava; fi. non resupinato (in realtà l'ovario è ruotato a 360°).</p>
<strong>Note</strong> - La scoperta di questa specie, nuova per la flora italiana, mi è stata comunicata da F. Pedrotti (Camerino) nell'estate 1979.</p>
Hammarby, residenza estiva di Linneo presso Uppsala.","5ecc4ec39dfee2ab2e6059fd12eee704","1113162","","Pianta perenne erbacea","5-15 cm","Torbiere oligotrofe, tra gli Sfagni.","1000","1100","Luglio","Agosto","(L.) Kuntze","","","G rhiz","1552001",""
"511","Microstylis monophyllos","Specie","Rz. abbreviato, con bulbo biancastro 1-1.5 cm; f. gracile. Fg. 1 (molto raram. 2) nella parte inf. del f., con lamina eretto-patente, ellittico-obovata (1-2 X 3-4, max. 3X10 cm). Inflor. 6-15 cm. con fi. numerosi, abbastanza spaziati, non resupinati, verdognoli; brattee sottili, lunghe al max. quanto l'ovario (3 mm), che è portato da un peduncolo di 2-3 mm; tepali 2-3 mm, tutti patenti, gli esterni lanceolati, gli interni minori; labello privo di sperone, ovale-acuminato, lineare all'apice.</p>
<strong>Nota</strong> - Specie molto rara nota solo per poche località: in Carnia al M. Cadin sopra la casera Avoltruzzo ed al M. Prevallo, in Cadore pr. Pieve al M. Ricco, Davestra e sul M. Rite,' in Val di Fiemme pr. Forno al Toval Laresé e nel Bormiese lungo il Fradolfo (indicazione dell'Anzi, non ritrovata in seguito). Si tratta di pianta vivente nei boschi umidi montani, in ambiente ricco d'acque sorgive, tipicamente lungo le scarpate dei corsi d'acqua; il suolo è generalm. basico e ricco di humus, ombreggiato da Faggi, Ontani o Salici. È una pianta minuscola, spesso nascosta tra il muschio, che non viene facilmente osservata.","b09f6878fc2ac3a24e6cbe4fdeef711c","1139504","Microstile","Pianta perenne erbacea","10-30 cm","Prati umidi","500","1600","Luglio","Agosto","(L.) Lindi.","","","G rhiz","1553001",""
"510","Listera","Genere","","","1391536","","","","","","","","","","","","","",""
"595","Listera cordata","Specie","Rz. orizz. filiforme; f. gracile, eretto. Fg. 2, opposte, cordate o romboidali circa 23 X 15 mm, spesso un po' crenulate sul margine. Fi. 6-10 in spiga lassa, minuscoli (4 mm); tepali esterni ed interni patenti, verdognoli, tutti di eguale lunghezza; labello nettam. più sviluppato, con 2 strette lacinie acute presso la base e lobo med. all'estremità lungam. bifido, bruno-rossastro.</p>
<strong>Nota</strong> - Specie caratteristica dei boschi di Abete rosso (Piceetum subalpinum) nelle catene interne delle Alpi: vive su suolo ricco di humus acido, come è tipico nel Podzol della Pecceta; sporadicam. può anche trovarsi in ambiente torboso tra Sfagni e Mirtilli. Per le modeste dimensioni, il colore verdastro e la fioritura effimera è pianta che sfugge facilmente alle ricerche ed attraverso un'indagine minuziosa può venire identificata in molte zone delle Alpi per le quali essa attualmente non è nota.","a2e1c1fa5e17af09bd3f6cb7c3dac9d3","0","Listera minore","Pianta perenne erbacea","5-8(20) cm","","1200","2300","Giugno","Luglio","(L.) R. Br.","","","G rhiz","1494002",""
"594","Listera ovata","Specie","Rz. breve; f. eretto, cilindrico, glabro (in alto ± pubescente-ghiandoloso) e nudo, ± clorotico. Fg. basali nulle; 2 fg. cauline subopposte inserite a ⅓ del f, ovate (3-9 X 5-13 cm) con ± 15 nervi; apice arrotondato. Inflor. lineare (2-3 dm) con fi. molto numerosi, inodori, spaziati, verdognoli; brattee triangolari-carenate, le inf. di 3 X 5 mm; ovario ovoide o subsferico (5-6 mm), con peduncolo arcuato di 5-7 mm; tepali esterni conniventi (3-3.5 mm), ovati,tepali interni lineari; labello lungam. bifido (3 X 7-9 mm), pendente, privo di sperone.","0a57f4050519f3b7d5807853ee6968bd","0","Listera maggiore","Pianta perenne erbacea","4-6(10) dm","Boschi, soprattutto di latifoglie, cespuglieti","0","1600","Maggio","Agosto","(L.) R. Br.","","","G rhiz","1494001",""
"488","Orchidaceae Gruppo III","Gruppo","","","","","","","","","","","","","","","","",""
"509","Epipactis","Genere","","2aa93b87936ca177641d38bcb7ff1aa2","17835","","","","","","","","","","","","","",""
"600","Epipactis microphylla","Specie","Simile a <em>Epipactis atropurpurea</em>, ma fg. 3-6, più brevi degli internodi, le maggiori di circa 0.8 X 3 cm; fi. fino a 20, spaziati; tepali verdastri, arrossati solo sul margine.</p>
<strong>Nota</strong> - Si presentano abbastanza regolarmente fi. di due tipi (osservazioni su popolazioni della Baviera al Lago di Starnberg), con corolla piccola (labello lungo 5.5 mm) oppure maggiore (labello di 7 mm). La prima condizione sembra propria di piante che tendono verso l'autogamia (con polline pul-verulento) mentre la seconda è di piante adattate alla fecondazione incrociata (con polline gelatinoso). In <em>Epipactis atropurpurea</em> invece la fecondazione avviene quasi costantemente mediante insetti: se vi sia autogamia non è noto, comunque si tratta in ogni caso di evento molto raro.","0e042b26419625a65f742d0ab256d987","1098334","Elleborine minore","Pianta perenne erbacea","2-5 dm","Macereti, prati aridi, boscaglie (calc).","0","2000","Aprile","Agosto","(Ehrh.) Swartz","","","G rhiz","1482009",""
"599","Epipactis atropurpurea","Specie","Rz. orizz.; f. eretto, finem. pubescente. Fg. 6-11, ovate a ovato-lanceolate, le med. 2-5 X 6-9 cm, le sup. progressivam. più sottili. Inflor. multiflora allungata, unilat.; brattee inf. 2X 15 mm, patenti o ± riflesse, le sup. patenti o ± erette, 7-8 mm; ovario pubescente 2X4 mm su un peduncolo arcuato; tepali interni ed esterni poco differenti, ovato-lanceolati (2-3 X 4-5 mm), bruno-rosei; labello 4 mm, porporino.","fff0e3e0df9eb2e9f906d37afb50ffba","1098281","Elleborine violacea","Pianta perenne erbacea","2-8 dm","Macereti, prati aridi, boscaglie (calc)","0","2000","Aprile","Agosto","Rafìn","","","G rhiz","1482008",""
"598","Epipactis purpurata","Specie","Simile a <em>Epipactis eleborine</em>, ma f. spesso riuniti in cespuglietto; pianta per lo più sfumata di violaceo; fg. med. in generale lunghe circa quanto l'inter-nodio soprastante o poco più; inflor. densa, scabra, multiflora.","402a25c7e27c6216c9ee97fc25d9dea4","1098348","","","2-6 dm","Faggete","500","1000","Aprile","Settembre","Sm.","","","G rhiz","1482006",""
"597","Epipactis helleborine","Specie","Rz. breve, non stolonifero; f. eretto, cilindrico, foglioso, densam. pubescente. Fg. 6-15, le inf. ovato-ellittiche e amplessicauli (3-4 X 5-6 cm), le med. sottili ed allungate (1.5-2 X 8-10, raram. 18 cm), ondulate sul bordo; fg. sup. progressivam. minori. Inflor. lineare, quasi unilaterale, con fi. numerosi, spaziati, debolm. profumati; brattee inf. simili alle fg. sup. (1X5-6 cm), ma pendule, le altre minori (2-3 X 12-18 mm); ovario piriforme 5X10 mm, su un peduncolo incurvato di 2-3 mm; tepali interni ed esterni simili, acuti, patenti, 7-8 mm; labello (4 mm) con ipochilo ed epichilo rigidam. connessi; fi. verdastri sul labello bianchi e talora soffusi di violaceo-pallido.</p>
<strong>Variab</strong>. - Accanto ad una maggioranza di popolazioni che praticano normalm. la fecondazione incrociata, in 5585 si presentano pure   regolarm.   popolazioni   autogame. Queste ultime tendono a differenziare stirpi separate, almeno quattro delle quali sono state finora riconosciute nell'Europa Centr.: esse andrebbero ricercate anche in Italia. Le popolazioni   autogame   si   riconoscono (Young, cit.) dai caratteri del rostello: esso è nelle piante allogarne sferico e ghiandoloso, nelle autogame invece, il rostello manca oppure è rudimentale. Nelle piante allogarne è possibile estrarre i pollini introducendo la punta della matita nel fiore, nelle autogame invece il polline si disperde già all'inizio della fioritura all'interno del fi. stesso. In Italia è probabile si presentino due specie:</p>
5585/b. <em>E. leptochila</em> Godfr. - 1482003 - Fg. con lamina tenue, quasi piana; tepali 12-15 mm; epichilo acuminato. - Soprattutto nelle faggete; Triest., Alpi Mariti, e certo altrove. 5585Ve. E. muelleri Godfr. - 1482004 - Fg. con lamina coriacea, scanalata; tepali 10 mm circa; epichilo ottuso. - Soprattutto nelle quercete e carpineti</p>
5585/d. <em>E. purpurata</em> Sm. - 1482006 - G rhiz - 2-6 dm. Simile a 5585, ma f. spesso riuniti in cespuglietto; pianta per lo più sfumata di violaceo; fg. med. in generale lunghe circa quanto l'inter-nodio soprastante o poco più; inflor. densa, scabra, multiflora. - Faggete. Non segnalata finora dal nostro terr., però conosciuta per il Tirolo e quindi da ricercare. (500 - 1000 m). - Fi. VI-IX -Subatl.","330b55ce2115bd292dea59dd1ac8e755","1098309","Elleborine comune","","3-6(10) dm","Boschi di latifoglie","0","1500","Maggio","Settembre","(L.) Crantz","","","G rhiz","1482002",""
"596","Epipactis palustris","Specie","Rz. orizz.; f. eretto, cilindrico, alla base avvolto da scaglie rosee. Fg. 6-10, ellittiche a lanceolate, le med. di 2-4 X 5-7 cm (raram. fino a 15 cm) con circa 8 nervi principali, le sup. progressivam. ristrette (fino a 3 X 10 cm), tutte acute e largam. am-plessicauli. Inflor. lineare, lassa, ± unilaterale; brattee 3 X 20-30 mm; te-pali esterni lanceolati, acuti, gli interni più ottusi (8-10 mm); labello 10-12 mm diviso in una parte basale (ipochilo) ed una apicale (epichilo); strozzatura tra le due parti molto profonda, così da rendere l'epichilo mobile; colorazione dell'epichilo bianca, ipochilo con stria-ture rosse e screziato di giallo al fondo.","91e44134ed814a728dd8ab542fe84eef","1098340","Elleborine palustre","Pianta perenne erbacea","20-50(70) cm","Paludi, prati umidi","0","1600","","","(Miller) Crantz","","","G rhiz","1482001",""
"508","Cephalanthera","Genere","<strong>Confus.</strong> - Parecchie specie nemorali si prestano facilm. a venire confuse, quando si presentano in individui sterili ridotti alle sole fg. basali; per quanto riguarda le Alpi e l'App. Sett. ci si può indirizzare nel riconoscimento sulla base dei caratteri seguenti (si cfr. anche i Polygonatum 4703-4705, che si distinguono per il caratteristico rz. con incavi a sigillo):</p>
Fg. 10 volte più lunghe che larghe con 5 nervi principali e circa 20 secondari; lamina con apice a cappuccio; f. arrossato alla base............     5588. Cephalanthera rubra<br />Fg. circa 10 volte più lunghe che larghe con 5 nervi principali e ± 25 secondari; lamina non a cappuccio, con larghezza max. a ¼-½ dalla base; f. bianco, carenato ....................................       5539. Cephalanthera longifolia<br />Fg. c.s., con odore sgradevole di Sambuco ..................     4596. Lilium bulbiferum<br />Fg. 3-4 volte più lunghe che larghe, con larghezza max. verso la metà; nervature 24, tutte circa della medesima grossezza; f., apici fogliari, guaine e margini arrossati .................................................. 5586. Epipactis atropurpurea<br />Fg. circa 2.5 volte più lunghe che larghe, con larghezza max. ad ⅓ dalla base, acuminate, con 5-7 nervi principali e 24 secondari; lamina senza cappuccio; f. bianco, angoloso..........................    5590. Cephalanthera damasonium<br />Fg. 1.5-2 volte più lunghe che larghe, con larghezza max. a ⅓-½, ottuse, con 7-9 nervi principali e ± 32 secondari; lamina senza cappuccio; f. arrossato, cilindrico ...............................................       5585. Epipactis helleborine","ceb109ecff0d4ceabf26099407e3f4c1","17841","","","","","","","","","","","","","",""
"603","Cephalanthera damasonium","Specie","Simile a <em>Cephalantera longifolia</em>, ma fg. 3-5, ovate, ellittiche a obovate, le med. fino a 3X7 cm; fi. 2-12; brattee inf. superanti i fi., le sup. lunghe circa quanto l'ovario.","1dc388329e486db3d53dd9fdc7f75957","1090738","Cefalantera bianca","Pianta perenne erbacea","20-50 cm","Boschi di latifoglie (soprattutto faggete termofile)","0","1600","Maggio","Luglio","(Miller) Druce","","","G rhiz","1481001",""
"602","Cephalanthera longifolia","Specie","Rz. ramoso; f. eretto, un po' a zig-zag, foglioso fino all'inflor. Fg. basali ridotte alla guaina, le cauline 6-10, delle quali 1-2 inf. strettam. ellittiche (1-2 X 4-7 cm), le altre progressivam. ristrette ed allungate (da 2 X10 a 1X15 cm); tutte le fg. distiche, divergenti dal f. a circa 60°, acute, ripiegate a doccia, con 5-9 nervi principali. Inflor. lassa, 10-20flora; brattea inf. fogliacea, le altre lunghe ⅕-⅓ dell'ovario (che è di 13-15 mm); tepali candidi, gli esterni lanceolati (15-18 mm), acuti, gli interni poco più brevi e ottusi; labello 8-9 mm con larghissimo ipochilo concavo, a lati volti in sù; epichilo molto più largo che lungo, pure concavo.","ef5fcec6b8f187d1405b2283c691408d","1090746","Cefalantera maggiore","Pianta perenne erbacea","20-45 cm","Boschi (querceti subme-dit., faggete termofile) e cespuglieti (calc)","0","1400","Aprile","Giugno","(Hudson) Fritsch","","","G rhiz","1481002",""
"601","Cephalanthera rubra","Specie","Rz. orizz.; f. eretto, spesso arrossato alla base. Fg. 5-8, strettam. lanceolate (1-3 X 7-14 cm). Fi. fino a 12 in racemo lasso; brattee inf. fogliacee, le sup. lunghe quasi quanto il fi.; perianzio roseo-purpureo; tepali lanceolati (20 mm), acuti, gli interni un po' più brevi degli esterni; labello 18-23 mm a ipochilo concavo con lobi lat. eretti; epi-chilo ovato-lanceolato, acuminato.</p>
<strong>Nota</strong> - Vari Autori (Irmscher, Ziegenspeck) insistono sul fatto che di questa specie non si osservano plantule germinanti: pare che la riproduzione per semi sia dunque quantomeno rarissima; invece essa produce sulle radici gemme avventizie che le permettono un'agevole riproduzione vegetativa.","7cfdc902d4bc640cf7430a621ca1f137","1090751","Cefalantera rossa","Pianta perenne erbacea","25-80 cm","Boschi e cespuglieti (calc)","0","1800","Maggio","Luglio","(L.) L. C. Rich.","","","G rhiz","1481005",""
"487","Orchidaceae Gruppo II","Gruppo","","","","","","","","","","","","","","","","",""
"507","Gennaria diphylla","Specie","Bulbo unico, ovoide; f. eretto, gracile. Fg. basali nulle, le cau-line 2, alterne, ovato-cuoriformi, acuminate, amplessicauli, l'inf. di 3-4 X 4-5.5 cm, la sup. di 2-3 cm; nervi arcuati, i principali 9-15, collegati da una rete di nervi secondari anastomosati. Inflor. densa, ± unilaterale (5-8 cm) con 10-20(30) fi.; brattee strettam. lanceolate, le inf. di 2X10 mm; tepali esterni oblunghi, conniventi, i lat. interni più larghi, subtriangolari, ottusi,patenti nella parte apicale; labello tri-lobo; lobo med. subtriangolare, ottuso, più largo dei lat. e lungo altrettanto; sperone breve, sacciforme; fi. lunghi circa 4 mm, verdognoli.</p>
Gennari P. (1820-1897), botanico a Cagliari, studioso della flora Sarda e più in generale delle Pteridofite.","1fa64555689a124930199229665d85b2","1100164","Gennaria","Pianta perenne erbacea","20-30 cm","Macchie, boscaglie, rupi ombrose (granito)","0","400","Marzo","Aprile","(Link) Pari.","","","G bulb","1410901",""
"506","Coeloglossum viride","Specie","Tuberi palmati; f. striato, un po' flessuoso, foglioso fino a 3/4. Fg. basali ridotte a scaglie membranose lanceolate, le cau-line inf. oblanceolate a obovate (2-2.5 X 4-6 cm), arrotondate all'apice, con 13-15 nervi principali; fg. sup. progres-sivam. minori e lanceolate, acute. In-flor. abbastanza densa con 5-25 fi.; brattee lanceolato-lineari, le inf. di 3-4 X 20-30 mm; tepali esterni ovati (circa 4X5 mm), ottusi, conniventi; tepali interni poco minori degli esterni e quasi nascosti da questi; labello pendente, li-gulato, brevem. trilobo all'apice (circa<br />3X7-13 mm); sperone sacciforme breve (1-2 mm); fi. inodori con tepali verdi all'interno e ± bruni all'esterno, labello verde, giallastro o bruno-violaceo.","f2da960befdc0923d6b0cbddfd1404fd","0","Celoglosso","Pianta perenne erbacea","10-30 cm","Boschi di conifere, pascoli alpini e cespuglieti (pref. silice).","600","2600","Giugno","Agosto","(L.) Hartm.","","","G bulb","1403001",""
"505","Leucorchis albida","Specie","Tuberi fusiformi formanti un mazzetto; f. striato, flessuoso. Fg. lineari-spatolate, le basali di 6-8 mm X 4-8 cm, le sup. pro-gressivam. ridotte. Inflor. densa e multiflora, cilindrica (4-7 cm); brattee lanceolato-acuminate (2-3 X 7-10 mm); tepali esterni ed interni ovato-oblun-ghi, 3 mm, tutti conniventi; labello (3-4 mm) con lobi lat. più brevi e più stretti del med.; sperone a sacco 3-4 mm; fi. con profumo di Tuberosa, bianco-verdognoli.","d70f0982c5c4f2736a4dcf8fb92d45db","0","Orchide candida","Pianta perenne erbacea","15-25 cm","Pascoli alpini, cespuglieti subalpini, boschi di conifere (acido.)","800","2400","Giugno","Agosto","(L.) E. Meyer","","","G bulb","1405901",""
"504","Nigritella","Genere","","","","","","","","","","","","","","","","",""
"589","Nigritella miniata","Specie","Simile a <em>Nigritella nigra</em>, ma inflor. ovato-cilindrica lunga 2-3.5 cm; brattee apical: verde-brune; fi. rosei o carnicini; labello ovale con i margini basali congiunti e quindi a fauce tubuliforme.</p>
<strong>IBRIDI</strong><br />Le due specie di Nigritella si ibridano spesso con le due specie di Gymnadenia (vedi sotto). In questi ibridi il labello è leggerm. trilobo e diretto obliquam.; l'inflor. è più allungata che in Nigritella, ma molto meno che in Gymnadenia; lo sperone è più breve dei tepali.","99c84d896676f7d6a1ea458d2896e047","0","Nigritella rossa","Pianta perenne erbacea","8-20 cm","Pascoli alpini (calc)","1500","2600","Luglio","Agosto","(Crantz) Janchen","Specie endemica","","","1404002",""
"588","Nigritella nigra","Specie"," Tuberi palmati; f. striato, foglioso. Fg. basali 6-10, lineari-canalicolate, le maggiori larghe 3-9 mm e lunghe 5-10 cm, le altre strettam. lineari, progressivam. abbreviate, acute, le sup. spesso arrossate sul bordo. Inflor. densissima, mul-tiflora, dapprima largam. piramidale (più larga che lunga), poi ± ovata (1.5 X2 cm); fi. con profumo di cioccolato, bruno-purpureo scuri, all'apice dei tepali quasi neri; brattee lesiniformi 1.5 X10 mm; tutti i tepali, compreso il labello, lanceolati, acuti (6-7 mm); la-bello volto in su, intero, poco più largo dei tepali esterni; sperone 1 mm circa.","b2dd3f712c8d7048c43c93c378f066fa","0","Nigritella comune","Pianta perenne erbacea","8-20 cm","Pascoli alpini.","1500","2600","Luglio","Agosto","(L.) Rchb. f.","","","G bulb","1404001",""
"503","Plantanthera","Genere","","","","","","","","","","","","","","","","",""
"593","Plantanthera chlorantha","Specie","Simile a <em>Platanthera bifolia</em>, dalla quale si differenzia per i caratteri sopra riportati; fi. in generale più decisam. verdognoli.","","","Platantera verdastra","Pianta perenne erbacea","3-5 dm","Boschi, arbusteti, prati umidi.","0","1200","Maggio","Luglio","(Custer) Rchb.","","","G bulb","1410002",""
"592","Plantanthera bifolia","Specie","Bulbi interi; f. eretto, striato. Fg. dimorfe, le basali 2, subopposte, oblanceola-to-spatolate (2-3 X 8-12 cm, raram. 7X20 cm), arrotondate all'apice, con 13-15 nervi; fg. cauline strettam. lanceolate (4-6 X 15-25 mm), acute, pro-gressivam. ridotte. Inflor. allungata con 15-25 fi. spaziati; brattee strettam. triangolari 3X12 mm; ovario 12-15 mm incurvato a semicerchio; tepali esterni patenti, lanceolati (7-9 mm), gli interni eretti, più stretti; labello lineare, intero (1.5-2 X 12 mm), pendente; sperone sottile, progressivam. appuntito (25-30 mm); fi. profumati bianchi, talora il labello un po' verdognolo alla base.</p>
<strong>Nota</strong> - <em>Platantera bifolia</em> è frequente soprattutto nei boschi di aghifoglie, <em>Platanthera cloranta</em> invece in quelli di latifoglie, e con un substrato spesso ricco in calcare, però la distinzione non è netta; le due specie sono facilmente ibridabili tra loro.","","","Platantera comune","Pianta perenne erbacea","25-50 cm","Boschi, arbusteti, prati.","0","2000","Maggio","Luglio","(L.) Rchb.","","","G bulb","1410001",""
"502","Gymnadenia","Genere","Le due specie si ibridano frequentem. tra loro ed abbastanza spesso anche con le Nigritella (cfr.), come pure con specie di Orchis (soprattutto 5567).","5ba05aa26fca8720b443518574531863","29193","","","","","","","","","","","","","",""
"591","Gymnadenia odoratissima","Specie","Bulbi, 2, palmati; f. striato, foglioso fino all'inflor., gracile. Fg. basali ridotte a scaglie membranose lanceolate, le cauline strettam. lineari (5-7 mm X 3-10 cm); fg. sup. abbreviate (2-4 cm). Inflor. cilindrica (5-10 cm), densa; brattee lineari-acuminate di 2-3 X 10-15 mm; tepali 4-5 mm; labello come 5573, ma minore; fi. profumati, bianchi o ± roseo-violacei (soprattutto sui tepali).","2df09c01b865634b86bdd08f7cbe2f36","1112243","Manina profumata","","15-45 cm","Pascoli, cespuglieti, boscaglie (calc)","0","1800","Aprile","Luglio","(L.) L. C. Rich.","","","G bulb","1405002",""
"590","Gymnadenia comopsea","Specie","Bulbi 2, profondane palmati; f. robusto, foglioso. Fg. 3-7, lineari (1-2 X 10-25 cm) acute. In-flor. cilindrica, compatta e multiflora, lunga fino a 25 cm; tepali esterni patenti, gli interni lunghi circa quanto questi; labello con 3 lobi quasi eguali tra loro; fi. roseo-violacei.","","","Manina rosa","Pianta perenne erbacea","25-55 cm","Prati, pascoli, boscaglie","0","2400","Maggio","Agosto","(L.) R. Br.","","","G bulb","1405001",""
"501","Barlia robertiana","Specie","Bulbi 2-3, castani, grossi (2-3 cm), f. robusto striato fg. 5-6 oblanceolate ad abovate 4-10X10-20 cm spesso sfumate di violaceo. Spiga piramidata, poi cilindrica densa con fino a 30 fi.; tepali porporini con sfumature verdastre, gli estremi ovati ottusi, conniventi, gli interni un poco più brevi e strettam. lineari; labello (15-18 mm) con lobo med. diviso in 2 lacinie divergenti e 2 lobi lat. lineari, poco più brevi del med., curvati in dentro e denticolati sul margine esterno; colore roseo con macchie porporine oppure anche biancastro o verdastro; sperone 6-7 mm.","c7b109371fee06ef3dce27dc7f82f786","0","Barlia","Pianta perenne erbacea","3-8 dm","Macchie, prati aridi.","0","500","Febbraio","Aprile","Greuter","","","G bulb","1398901",""
"500","Loroglossum hircinum","Specie","Bulbi castani, ovoidi (2 cm); f. cilindrico. Fg. 7-12, strettam. lanceolate (5-10 cm). Spiga 20-40flora, densa o lassa; brattee lineari (1-2 cm) verde-grigiastre; tepali verdastri con nervature porporine, gli esterni ovati (6-7 mm) formanti un breve casco ottuso; gli interni più brevi, lineari; labello biancastro con macchie e sfumature porporine, 3fido, con lacinie laterali (8-15 mm) a margini increspati nella parte basale; lacinia med. nastriforme, lunga fino a 45 mm, contorta a spirale, di solito 2fida all'apice; sperone breve (2 mm), a sacco.</p>
 ","31f2c2d2b134d8c9aae3c32c5c454b25","1099833","Barbone","Pianta perenne erbacea","3-8 dm","Macchie, cespugli, prati aridi (calc).","0","800","Maggio","Giugno","(L.) L. C. Rich.","","","G bulb","1399001",""
"499","Anacamptis pyramidalis","Specie","F. eretto, cilindrico, foglioso fino all'inflor., glabro e lucido. Fg. lineari-carenate, le inf. di 1.5-2 X 12-15 cm, con apice acutissimo divergente, le cauline proporzionalm. ridotte ed avvolgenti strettam. il f. Inflor. dapprima conica (3X3 cm) quindi allungata (fino a 7 cm); fi. densi; inodori; brattee lesiniformi (le inf. di 2 X 12-14 mm), violacee; ov. incurvato ad S; corolla roseo-purpurea (spesso ± sbiancata); tepali esterni patenti, ova-to-lanceolati (5 mm), gli interni conniventi, lunghi quasi quanto gli esterni; labello con 2 lamelle petaloidi alla base, 31obo; lobi oblunghi, tutti circa di 5 mm; sperone filiforme (0.7 X 12-15 mm), flessuoso.</p>
<strong>Nota</strong> - <em>A. urvilleana</em> Somm. et C.-G. (= A. pyr. subsp. urvilleana Bég. et Landi) si distingue per la statura minore, i fi. più piccoli, roseo pallidi o talora bianchi, i tepali interni ed il sup. ottusetti, le brattee più brevi e Pinflor. dapprima ovata, quindi oblunga, mai conica; fiorisce già in febbraio; osservata ripetutam. nelle Is. di Malta e Gozo, andrebbe ulteriorm. studiata.","161b4df3716afaeb2004336c1b157b3f","1099029","Orchide","Pianta perenne erbacea","3-5(8) dm","Prati aridi ed umidi, luoghi paludosi (calc).","0","1400","Maggio","Giugno","(L.) L. C. Rich.","","","","1400001",""
"498","Orchis","Genere","Subgen. Orchis ( = Euorchis Auct.) - Tuberi interi; tepali esterni conniventi ad elmo oppure i lat. patenti o riflessi.</p>
Subgen. Dactylorchis Klinge ( = Dactylorhiza Necker) - Tuberi ± profondam. divisi; tepali lat. esterni patenti o riflessi. - BibL: Senghas K., Die Orchidee</p>
Per la nomenclatura di questo sottogenere si tenga presente che, come sottogenere il nome valido è Dactylorchis, se invece esso viene elevato a genere distinto (come nella recente Monografia di Nelson) il nome valido diviene Dactylorhiza. Per le singole specie si riportano quindi soltanto i sinonimi relativi a Dactylorhiza, molte di esse però hanno combinazioni anche come Dactylorchis, che non vengono menzionate, perché di uso limitato.</p>
<strong>IBRIDI</strong><br />Negli acquitrini subalpini ed alpini delle Alpi non è raro trovare popolazioni di Orchis-Dactylorchis, i cui caratteri corrispondono vagamente alle specie 5564-5568, senza però che esse possano rientrare esattamente in una di queste specie. È probabile, che in molti casi si tratti di popolazioni ibridogene, tuttavia manca finora un inquadramento del tutto soddisfacente di questa variabilità.<br />Anche le altre specie di Orchis si ibridano frequentem. tra di loro e con i generi vicini: in generale però si tratta di ibridi Inter parentes, e quindi agevolm. riconoscibili.","e47c9480ac7fbf7b7ca67eb3aa1753f4","17815","","","","","","","","","","","","","",""
"582","Orchis traunsteineri","Specie","F. sottile, gracile, cavo. Fg. lanceolato-lineari a lineari (1 X 6-12 cm), acute, ± erette, non o poco macchiate. Inflor. abbastanza lassa con 8-12 fi., cilindrica; brattee inf. uguali o più lunghe dei fi.; labello trilobo (9X9 mm) a lobo med. piccolo; sperone lungo circa 5 mm; fi. porporini con screziature più scure.</p>
Traunsteiner J. (1798-1850), farmacista a Kitzbuhel (Austria).","c4dac0cde6b1b67924e2deebdd340e67","42003357","Orchidea di Traunsteiner","","20-40 cm","Acquitrini, torbiere","600","1600","Giugno","Luglio","Sauter","","","G bulb","1396808",""
"581","Orchis latifolia","Specie","F. robusto, striato, cavo. Fg. 4-6, patenti o eretto-patenti, le inf. lanceolate ovvero ovato-lanceolate (2-5 X 8-16 cm), con macchie nerastre sulla faccia sup.; fg. sup. lanceolato-lineari, spesso raggiungenti o superanti i fi. inf. Inflor. brevem. cilindrica a ovale lunga fino a 10 cm, con fi. numerosi, addensati; brattee inf. generalm. più lunghe dei fi.; labello più largo che lungo (9-12 X 6-9 mm), rombico o quasi circolare, trilobo, con lobi lat. larghi, il med. piccolo, e generalm. più breve; sperone conico a subcilindrico (2-5 X 9-10 mm), diretto verso il basso; colore rosso-violaceo carico con screziature più scure, tra cui sul labello una striscia quasi parallela ai margini.</p>
<strong>Nota</strong> - 5567 è stata frequentem. confusa con 5564, 5568 ed addirittura 5566: per questo il monografo Nelson ritiene che il binomio O. latifolia L. vada rifiutato come nomen con-fusum. Le indicazioni sicure sono soltanto quelle dall'area alpina: sugli App. 5567 è stata spesso citata, ma pare quasi sempre erroneamente. Abbastanza verosimili appaiono le citazioni per l'App. Romagnolo e per la Cors., che comunque vanno verificate. L'indicazione per l'Abr. a Villetta Barrea va riferita a 5566.","dd9c68cc267dafefe71f6c7aef52cc52","0","Orchidea a foglie larghe","Pianta perenne erbacea","20-40 cm","Acquitrini, sorgenti, sponde dei ruscelli.","1000","2400","Giugno","Agosto","Linneo","","","G bulb","1396806",""
"580","Orchis maculata","Specie","F. eretto, sottile, pieno, cilindrico o striato, foglioso fino all'inflor. e qui spesso arrossato. Fg. inf. ovali a lineari-spatolate (cfr. subsp.) con numerose chiazze scure sulla faccia sup.; fg. cauline lesiniformi e progres-sivam. ridotte. Inflor. densa e multiflora dapprima conica, poi cilindrica e lunga 5-1-5 cm; tepali esterni (2X10 mm) ribattuti, gli interni conniventi a cappuccio; labello ± trilobo, allargato (circa 11X8 mm), con lobo med. quasi sempre più stretto, ma nettam. più lungo dei lat.; colore generalm. roseo con venature più cariche sul labello e talora sui tepali.</p>
<strong>Osserv.</strong> - La distribuzione italiana delle due subsp. resta ancora in gran parte da precisare e se effettivam. la loro ecologia anche in It. sia quella data dagli Autori stranieri e da noi riportata. La subsp. maculata sembra non faccia parte della nostra flora.","","1111714","Orchidea macchiata, Concordia, Erba d'Adamo","Pianta perenne erbacea","20-70 cm","Boschi, cespuglieti, prati umidi.","0","2200","Maggio","Luglio","Linneo","","","G bulb","1396811",""
"587","Orchis maculata subsp. fuchsii","Specie","","","","","","","","","","","","","","","","",""
"586","Orchis maculata subsp. saccifera","Specie","","","","","","","","","","","","","","","","",""
"579","Orchis cruenta","Specie","F. breve, robusto, foglioso fino all'inflor., angoloso e cavo. Fg. eretto-patenti, da lanceolate a lineari (1-2 X 7-13 cm) con macchie nerastre su entrambe le facce. Inflor. ovoide-cilindrica, densa e multiflora lunga fino a 7 cm; brattee inf. lunghe fino a 3 cm, le altre più brevi, ma comunque superanti l'ovario; fi. di un colore generale rosso-violaceo con screziature più scure; labello rombico-allargato (5.5-6 X 5 mm); sperone sottile, conico (2X6 mm) rivolto verso il basso.","f280a6afc5c4f1bf99d69fbe3c1a706e","32993129","Orchidea sanguigna","Pianta perenne erbacea","15-30 cm","Acquitrini, paludi oligotrofe, sfagneti.","1600","2300","Giugno","Luglio","Müller","","","G bulb","1396824",""
"578","Orchis incarnata","Specie","F. robusto, tubuloso, cavo, in alto angoloso. Fg. lineari-lanceolate (1 X 9-11cm, raram. fino a 3 X 20 cm), conduplicate con apice a cappuccio, la sup. sorpassante la base dell'inflor., questa densa, ovoide (2 X 4-6 cm) alla fine allungata (10-12 cm) e cilindrica. Brattee lanceolate (le maggiori 1 X 4 cm), acute, spesso ± violacee; labello romboidale (6-7 X 6 mm), poco più lungo che largo; fi. rosei (il labello spesso con screziature più cariche) oppure raram. bianco-giallastri; sperone 5-6(8) mm, ripiegato all'ingiù.</p>
Nota - Poco differente è <em>O. sesquipedalis</em> Willd. (= Dactylorhiza elata [Poiret] Soó subsp. sesquipedalis [Willd.] Soó), che si distingue per la statura elevata (5-8 dm), l'in-flor. allungata (fino a 2-3 dm) ed il labello decisam. maggiore (12-15 X 8-9 mm), che è segnalata (Nelson 1976, Arealkarte) in Cors. e dubitativam. sulla Sila e nella Sic. Or.","63f1fa010c004434543c49479fd0ff1f","1100881","Orchidea palmata","Pianta perenne erbacea","20-80 cm","Acquitrini e torbiere","200","2000","Giugno","Luglio","Linneo","","","G bulb","1396804",""
"577","Orchis insularis","Specie","Simile a <em>Orchis sambucina</em>, ma inflor. meno lassa e generalm. pauciflora; fi. minori, sempre gialli; labello 6-8 X 5-7 mm; sperone diritto, orizzontale, più breve dell'ovario.","3293e441540048609c7948a47a72ecbc","40455200","Orchidea delle isole","","20-40 cm","Boscaglie e radure","500","1200","Aprile","Maggio","Sommier","","","G bulb","1396825",""
"576","Orchis sambucina","Specie","F. breve, tubuloso, nella metà inf. avvolto dalle guaine fogliari, superiorm. scanalato. Fg. oblanceolato-lineari (1-2.5 X 6-12 cm), generalm. acute e ± erette. Inflor. cilindrica ovv. ovata, lunga fino a 8 cm, densa e multiflora; brattee lanceolate fogliacee, le inf. lunghe fino a 4 cm e più ed avvolgenti la base del-l'inflor.; tepali esterni lanceolati (7 mm), arrotondati, i lat. riflessi; labello trilobo (10-15 X 8-10 mm) con lobo med. un po' più lungo dei lat.; sperone discendente, lungo quasi quanto l'ovario; colore: i fi. completam. rosso-violacei oppure gialli, raram. screziati dei due colori.</p>
<strong>Nota</strong> - Individui a fi. rosso-violacei ed a fi. gialli si presentano spesso insieme e danno a prima vista l'impressione di specie del tutto diverse; in generale prevalgono i gialli, mentre quelli di colore screziato (verosi-milm. intermedi) sono rari.","68c2991ce0b123e248018850d73c9f5a","40453318","Orchidea sambucina","Pianta perenne erbacea","15-30 cm","Prati aridi e radure","500","2000","Aprile","Giugno","Linneo","","","G bulb","1396802",""
"575","Orchis romana","Specie","Simile a <em>Orchis sambucina</em>, ma più gracile; fg. stret-tam. lineari; brattee erbacee lanceolate, le inf. lunghe quanto i fi.; sperone lineare-allungato, arcuato-ascendente; fi. bianchi, gialli o roseo-purpurei con la base del labello gialla.<br /><strong>Nota</strong> - Si ricollega a 5563 per i caratteri delle fg. e dello sperone <em>O. romana</em> subsp. fasciculata Soó (= O. sicula Tmeo; O.fasciculata Tineo; O. mediterranea Klinge subsp. siciliensis Klinge; Dactylorhiza siciliensis [Klinge] Nelson), che si distingue per la statura maggiore (20-40 cm), le brattee inf. più sviluppate, i fi. sempre gialli. Essa è nota per la Cai., Sic. e Sard.","4df73187c9af25c6d81778b7ad89d3df","1094605","Orchidea romana","Pianta perenne erbacea","15-30 cm","Boscaglie e radure.","0","600","Marzo","Aprile","","","","G bulb","1396803",""
"574","Orchis collina","Specie","F. cilindrico, grosso, avvolto dalle guaine fin quasi all'inflor. Fg. oblanceolato-lineari, acute (1-2.5 X 5-7 cm), generalm. erette. Inflor. a 4-15 fi. spaziati, cilindrica, lunga fino a 12 cm; tepali esterni 10-11 mm, eretti, ottusi; tepali interni più brevi e sottili, pure eretti; labello non lobato, spesso crenulato, circa tanto lungo che largo (10 mm); sperone saccato 3.X6-7 mm; tepali bruno-verdastri, labello rosso-violaceo vinoso.","6c666fb02fc3fd5fa1b5dce7eda85fa8","0","Orchidea a sacco","Pianta perenne erbacea","12-30 cm","Prati aridi e garighe","0","500","Febbraio","Marzo","Solander","","","G bulb","1396015",""
"573","Orchis spitzelii","Specie","Fg. eretto-patenti, oblanceolato-spatolate (2-2.5 X 5-10 cm), acute, non macchiate, la sup. avvolgente la base del f. Inflor. densa e breve con 8-18 fi.; tepali esterni 7 mm, i lat. eretto-patenti, il med. curvato in avanti e connivente con gli interni; labello lungo quasi il doppio dei tepali esterni, trilobo, con lobo med. generalm. smarginato; sperone tozzo (8-10 mm); tepali esterni ed interni verdastri e soffusi o macchiettati di purpureo; labello roseo alla base più chiaro o bianco o con macchie purpuree.</p>
<strong>Note</strong> Spitzel A. (1807-1853), forestale sulle Alpi Bavaresi.","ad72d5b36a368a137d8258b8b7cfd20b","1136325","Orchidea di Spitzel","Pianta perenne erbacea","20-35 cm","Cespuglieti, boscaglie, prati aridi (calc)","1200","1900","Giugno","Luglio","","","","G bulb","1396017",""
"572","Orchis patens","Specie","F. eretto, sottile, nella metà inf. avvolto dalle guaine. Fg. eretto-patenti, oblanceolato-lineari. (1-2 X 7-15 cm) subacute e spesso macchiate di scuro. Inflor. 10-20flora, densa o lassa e allungata (fino a 30 cm); fi. rosso-violacei; tepali esterni sulla faccia interna con una striscia o area violacea punteggiata di purpureo; la-bello (8-10 mm) ± distintam. trilobo, ma di forma molto variabile, roseo o violaceo sui lobi, più chiaro e con macchie purpuree alla base; sperone conico, sacciforme, di lunghezza molto variabile, spesso più breve della lamina del labello.","8be031d08d171d66f4ffe78b98cc43cf","1136337","Orchidea palermitana","Pianta perenne erbacea","25-60 cm","Oliveti, castagneti, prati aridi.","0","600","Maggio","Maggio","Desf.","","","G bulb","1396016",""
"571","Orchis mascula","Specie","Fg. concentrate nella parte inf. del f, oblanceolate (2-3 X 7-20 cm). acute. Inflor. abbastanza densa, lunga 8-15 e fino a 25 cm; tepali esterni 6-8 mm, il med. eretto, i lat. ovali-acuminati ed eretto-riflessi; labello leggerm. più lungo che largo, trilobo (6-7 X 7-8 mm) a lobo med. più lungo dei lat., ma per il resto di forma variabile; sperone cilindrico (10-12 mm), ottuso; fi. rosso-violacei.</p>
<strong>Nota</strong> - Specie ornamentale, che in molte zone della sua area naturale tende a divenire abbastanza rara. Pur essendo ubiquista compare soprattutto sui substrati calcarei. La forma dei tepali e dello sperone ha permesso di individuare alcune varietà e forme di scarso significato; più importante appare la var. olbiensis (Reuter) Schlechter, che è pianta gracile alta fino a 25 cm, con inflor. pauciflora (5-10 fi. di colore pallido), con sperone più lungo dell'ovario e talora un po' clavato all'apice; è nota per la Lig. e Cors. NelPApp. Centr. sono frequenti gli ibridi tra 5554 e 5557.","0b02db9e2991316141a97742ee347bbd","1136340","Orchidea maschio","Pianta perenne erbacea","25-70 cm","Boschi, macchie e cespuglieti.","0","2400","Aprile","Maggio","Linneo","","","G bulb","1396018",""
"570","Orchis pauciflora","Specie","Simile a <em>Orchis provincialis</em>, ma fg. non macchiate; inflor. a 4-20 fi., piuttosto densa; labello (13-15 mm) senza macchioline, ma di un giallo più carico alla base; sperone curvato verso l'alto","3f5047e3740086608b5cf4c61962d035","1296199","Orchidea calabrese","Pianta perenne erbacea","15-30 cm","Cespuglieti e prati aridi, (calc).","0","1500","Marzo","Maggio","Ten.","","","G bulb","1396025",""
"569","Orchis provincialis","Specie","F. eretto, gracile, avvolto su ½-⅔ dalle 2 fg. sup. Fg. lineari a lineari-oblunghe (1-2 X 5-10 cm), ± erette ed acute, spesso con macchie scure sulla pag. sup. Inflor. lassa con 6-20 fi. abbastanza spaziati; brattee lunghe ⅔-⅘ dell'ovario; tepali esterni irregolarm. ovati 9-11 mm; tepali interni più brevi; labello più largo che lungo (10-13 mm) con lobi generalm. crenulati; sperone quasi diritto; colore dei tepali giallo-pallido, del labello giallo-sulfureo, alla base quasi sempre con macchioline bruno-aranciate.","85417e204a3b1ddbc4da9d863d09d0ed","1136333","Orchidea gialla","Pianta perenne erbacea","20-35 cm","Boscaglie e cespuglieti (pref. calc)","0","1700","Aprile","Maggio","Balb","","","G bulb","1396020",""
"568","Orchis pallens","Specie","Fg. lineari-oblunghe (1.5-4 X 5-10 cm), generalm. ottuse, le med. avvolgenti il f. fino a metà. Inflor. generalm. multiflora lunga 5-7 cm; labello trilobo (6-7 mm), con lobi arrotondati a margini per lo più interi; colore giallo-sulfureo, privo di macchioline basali.","2297fb5919d0e336c0161f0f3f265471","1136338","Orchidea pallida","Pianta perenne erbacea","20-35 cm","Boschi di conifere e latifoglie, pascoli subalpini (pref. calc)","500","2000","Aprile","Maggio","","","","G bulb","1396019",""
"567","Orchis quadripunctata","Specie","F. gracile e sottile. Fg. inf. ovate, le sup. più strette (1 X 5-10 cm) e guainanti. Inflor. lassa lunga fino a 10 cm, con 5-20 fi. rosei o raram. bianchi; tepali esterni ovati (3-5 mm), patenti; tepali interni lunghi la metà di questi, conniventi; labello di forma variabilissima lungo 4-5 mm o meno, sempre trilobo; lobi lat. spesso più larghi del med., curvati in avanti così da dare all'intero labello un contorno generale ovato o circolare (più raram. lineari e diretti trasversalm. dando al labello forma di croce); alla base del labello 2-4 punti purpurei oppure una macchia triangolare.","7559ab61746ac89e7576ec279e5fef88","1136329","Orchidea a quattro punti","Pianta perenne erbacea","","Boschi e macchie (calc)","0","1200","Aprile","Maggio","Cyr.","","","G bulb","1396022",""
"585","Orchis brancifortii","Specie","Simile a <em>Orchis quadripunctata</em>, ma labello di forma e grandezza poco variabili, sempre più piccolo dei tepali esterni (anziché maggiore), con lobo med. largo quasi il doppio dei lat.; sperone più breve dell'ovario (in <em>Orchis quadripunctata</em> lo sperone è subeguale o più lungo dell'ovario).<br />1 Branciforti E. (sec. XVIII), principe di Butera in Sicilia.","","","Orchidea di Branciforti","Pianta perenne erbacea","10-25 cm","","","","","","Bivona","Specie endemica","","G bulb","1396027",""
"566","Orchis palustris","Specie","Simile a <em>Orchis laxiflora</em>, ma inflor. più densa e lunga fino a 15 cm; labello di solito a lati riflessi, largo circa quanto lungo; lobo med. smarginato, più lungo dei lat.; fi. generalm. uniformemente rosso-violacei.","870ca9a352dbf2442f9fa69660950fb3","1099028","Orchidea palustre","Pianta perenne erbacea","3-6 dm","Paludi, prati umidi.","0","500","Giugno","Luglio","Jacq.","","","G bulb","1396026",""
"565","Orchis laxiflora","Specie","F. cilindrico sottile, quasi completam. nudo. Fg. erette o eretto-patenti, lineari a li-neari-lanceolate (1-1.5 X 7-15 cm), acute. Inflor. lassa con 7-12 fi. distanziati; brattee generalm. superanti l'ovario; corolla intensam. purpureo-violacea salvo la base del labello; tepali esterni patentissimi; labello più largo che lungo (6-7 X 11-12 mm) con lati quasi sempre riflessi, e lobo med. alquanto più breve dei lat. o spesso indistinto; sperone 10-12 mm, ascendente, ottuso o dilatato all'apice.","c37a74e574c59036d00d7b8d39110c54","0","Orchidea acquatica","Pianta perenne erbacea","3-6 dm","Prati umidi, paludi.","0","1200","Aprile","Maggio","Lam.","","","G bulb","1396023",""
"564","Orchis italica","Specie","Fg. quasi tutte basali, eretto - patenti, oblanceolate-acute (2 X 10 cm), opache a margini ondulati. Inflor. ovata o brevem. cilindrica (4-5 X 4-8 cm); densa; brattee lunghe ¼-⅓ dell'ovario; tepali esterni roseo-violacei, triangolari-acuminati (10 mm); labello roseo (13-16 mm) nastriforme, con segm. lat. lanceolato-lineari acuti, all'apice diviso in 2 lacinie pure lineari-acute tra le quali vi è un'appendice sottile: l'aspetto è di una figura umana.","ad1536a01c47febb816e60c7a3258634","1136346","Orchidea italiana, Uomo nudo","Pianta perenne erbacea","2-5 dm","Macchie e prati aridi","0","600","Marzo","Aprile","Poiret","","","G bulb","1396010",""
"563","Orchis simia","Specie","Fg. oblanceolato-li-neari(1-3 X 5-10 cm) ottuse o ± acute. Inflor. densa e multiflora, ± ovoide (4-7 cm); brattee lunghe metà dell'ovario; tepali esterni ovato-lanceolati (10 mm), acuminati, purpureo-violacei; labello (15 mm) con lobi lat. e lobuli del lobo med. strettam. lineari, lunghi e curvati in alto verso l'estremità così da risultare circa paralleli ai tepali; appendice lineare curva; tutti i lobi del labello biancastri verso la base e purpurei nella parte apicale.","71f269fde8b4e57fefc9227f0f21f6b8","1136326","Orchidea omiciattolo","Pianta perenne erbacea","2-4 dm","Prati e cespuglieti","0","1100","Maggio","Giugno","Lam.","","","G bulb","1396011",""
"562","Orchis militaris","Specie","Fg. oblunghe ad oblanceolate (2-4 X 8-14 cm), generalm. acute. Inflor. abbastanza lassa, dapprima conica poi cilindrica ovv. ovale e lunga fino a 20 cm; brattee ⅓-¼ dell'ovario; casco roseo o violaceo; tepali esterni liberi all'estremità; labello (10-15 mm) con lobi lat. quasi lineari, inseriti basalmente con angolo di circa 45° rispetto al med., che nella parte basale è stretto quindi si allarga in 2 lobuli (arrotondati e circa tanto larghi che lunghi) con interposto un dentello med.; colore del labello biancastro o roseo con macchie porporine rilevate.","48be410ddac918b95217c1deb05118af","1136339","Orchidea militare","Pianta perenne erbacea","3-6 dm","Prati, cespuglieti e boscaglie","0","1800","Maggio","Giugno","Linneo","","","G bulb","1396012",""
"561","Orchis purpurea","Specie","F. robusto, generalm. guainato nella metà inf. Fg. oblunghe (2-6 X 6-15 cm), ± erette, lucide, ottuse all'apice, le sup. avvolgenti il f. Inflor. densa e multiflora, cilindrica a ovoide (4-6 X 5-20 cm); tepali esterni saldati fin presso all'apice, purpurei; labello con lobo centr. triangolare (9-13 X 10-15 mm), bilobo a lobi lat. lineari, tutti biancastri o rosei con macchie scure formate da papille porporine.","24fd73eeff1de59e486a6f1cda114c1e","1136330","Orchidea maggiore","Pianta perenne erbacea","3-8 dm","Boschi xerofili, cespuglieti ","0","1300","Aprile","Maggio","Hudson","","","G bulb","1396014",""
"560","Orchis lactea","Specie","Simile a 5545, ma f. breve, ingrossato; fg. obovate (1-3 X 4-9 cm); casco tepalico biancastro con venature purpuree; la-bello (6-7 mm) bianco o roseo con punteggiatura purpurea più densa verso l'estremità dei lobi; inflor. alla fine piuttosto lassa e cilindrica, lunga fino a 5 mm.","15f90f0e964fa13d8c3f37a92416c647","0","Orchidea aguzza","Pianta perenne erbacea","1-2 dm","Prati aridi, macchie","0","600","Marzo","Aprile","Poiret","","","G bulb","1396009",""
"559","Orchis tridentata","Specie","Fg. basali 3-4 lineari a oblanceolato-lineari (1-2 X 5-10 cm), acute; fg. cauline ridotte alla guaina che avvolge il fusto su 2/3. Inflor. densa e multiflora, conico-globo-sa; tepali esterni acuminati, liberi nella parte sup., bianco-rosei con strie porporine; labello 6-9 mm bianco-roseo con macchie porporine; lobi lat. curvati in avanti, il med. più lungo, allargato<br />verso l'apice e debolm. bilobo.","b5f059da26f50b008e5930b4ba5b200c","0","Orchidea screziata","Pianta perenne erbacea","20-45 cm","Prati aridi, cespuglieti e boscaglie.","0","1400","Aprile","Maggio","Scop.","","","G bulb","1396008",""
"558","Orchis ustulata","Specie","Fg. basali oblanceolato-lineari (1-2 X 4-8 cm) ottuse o ± acute, patenti; fg. cauline 2-4, quasi ridotte alla guaina, spesso rigonfia. Inflor. multiflora, piramidata, purpureo-scura all'apice; brattee lunghe circa quanto l'ovario; tepali lanceolati, acuminati, eretti; la-bello (circa 3 X 4.5 mm) biancastro con macchie porporine, con 3 lobi (i lat. più brevi del med. e diretti quasi trasversalm. il med. bilobo); sperone lungo ⅓-¼ dell'ovario.","4f48779ff078e1edd2931b4e24c445bd","0","Orchidea bruciacchiata","Pianta perenne erbacea","10-30 cm","Prati e cespuglieti.","0","2000","","","Linneo","","","G bulb","1396007",""
"557","Orchis morio","Specie","Fg. lanceolate (1-1.5 X 6-12 cm), le inf. spesso patenti, le sup. erette e ± guainanti. Inflor. di 5-25 fi. spaziati oppure abbastanza densi; brattee lunghe circa quanto l'ovario; tepali esterni 6-8 mm, ± conniventi con nervi molto evidenti; tepali interni poco minori degli esterni; labello (8-11 mm) ± distintam. 3lobo: il lobo med. non sorpassa i lat. che sono patenti o talvolta riflessi; colorazione variabilissima generalm. rosso-violacea scura, più raram. rosea o bianco-lattea; labello con colore o con macchie più scure, di solito sbiadite nella zona mediana.</p>
Morio in greco e latino significa «pazzo», secondo Hegi per il colore cangiante dei fi., ma mi sembra un'etimologia inverosimile; forse anche dal latino morìon (gioiello) oppure dall'ital. morione (elmo).</p>
Variab. - Estremam. polimorfa per la colorazione variante da rosso intenso al bianco; si ibrida spesso con 5540.","0b2f0d4bb428fdf4a5eb676c34978b3f","0","Giglio caprino, Salep, Pan di Cuculo","Pianta perenne erbacea","8-40 cm","Prati aridi, cespuglieti","0","1300","Aprile","Maggio","Linneo","","","G bulb","1396003",""
"556","Orchis coriophpra","Specie","Fg. basali 4-7, erette o eretto-patenti, lineari a lineari-lanceolate (0.5-1 X 6-12 cm) acute; fg. cauline numerose guainanti quasi completam. il f. Inflor. multiflora (20-40 fi. o più), cilindrica (2 X 6-10 cm), densa; brattee generalm. superanti l'ovario; fi. generalm. piccoli; casco acuminato a forma di becco, purpureo o verdognolo; labello più lungo che largo (5-7 mm) con lobo<br />med. superante i lat., questi acuti; tutto il labello minutam. papilloso, di colore purpureo-brunastro con base più chiara a macchie purpuree.</p>
<strong>Variab.</strong> - L'odore dei fi. è sgradevole e ricorda caratteristicam. quello della cimice; nell'area merid. di questa specie tuttavia sono note popolazioni con fi. di odore gradevole, che sono state descritte come var. fra-grans (Pollini) Boiss. (= O.fragrans Pollini; 0. polliniana Sprengel).","","","Orchidea cimicina","Pianta perenne erbacea","1-3 dm","Pinete, cespuglieti, prati umidi.","0","1000","Aprile","Maggio","Linneo","","","G bulb","1396005",""
"555","Orchis longicornu","Specie","Fg. basali 5-7, oblanceolato-lineari (1-1.5 X 3-10 cm), acute; fg. cauline lungam. guainanti, libere solo all'apice. Inflor. 5-15flora, abbastanza densa; brattee generalm. più brevi dell'ovario; tepali esterni conniventi, con nervature rilevate; la-bello a 3 lobi, i lat. più lunghi del med. e sempre riflessi fino quasi a toccarsi; sperone curvato in alto lungo fino al doppio della lamina del labello; colorazione variabile: labello di solito purpureo scuro con linea med. bianca punteggiata o meno; tepali esterni purpurei con venature più scure.","08c399901ab967b8312abcaa9eecdf14","0","Orchidea cornuta","Pianta perenne erbacea","1-3 dm","Boschi, prati umidi (silice). ","0","1200","Marzo","Aprile","Poiret","","","G bulb","1396004",""
"554","Orchis papilionacea","Specie","Fg. inf. lanceolate (1 X 4-10 cm), le sup. guainanti, bratteiformi, spesso arrossate. Inflor. di 5-20 fi. abbastanza spaziati: fi. eretto-patenti, grandi, generalm. purpurei; tepali esterni 9-11 mm, rosso-bruni con nervature molto evidenti; tepali interni poco più brevi; labello ristretto alla base ed allargato a ventaglio, spesso patente lungo 12-16 mm e largo circa altrettanto.","d39c9522c263c0f06165f1caab8e18bb","0","Orchidea a farfalla","Pianta perenne erbacea","20-40 cm","Incolti erbosi.","0","600","Aprile","Maggio","","","","G bulb","1396001",""
"584","Orchis papilionacea subsp. grandiflora","Specie","","","","","","","","","","","","","","","","",""
"583","Orchis papilionacea subsp. papilionacea","Specie","","","","","","","","","","","","","","","","",""
"497","Neotinea intacta","Specie","Fg. largam. lanceolate, quasi sempre con macchie brune. Fi. molto piccoli, numerosi in densa spiga, biancastri, con macchie porporine o brune; tepali esterni lanceolati, formanti un casco; gli interni stretti, lunghi circa quanto gli esterni; labello 3fido, con lobo med. 2fido; sperone 1-1.5 mm.</p>
Tineo V. (1791-1856), botanico palermitano.","1bc85908f0446a9642dfc34aaf6e2266","0","","Pianta perenne erbacea","10-20 cm","Boscaglie, cespuglieti, prati aridi.","0","400","Aprile","Maggio","(Link) Rchb. f.","","","","1419001",""
"496","Traunsteinera globosa","Specie","F. striato, flessuoso, foglioso fino all'inflor. Fg. basali ridotte a scaglie lanceolate con venatura reticolata verde; fg. inf. ellittiche, con bordi ± paralleli (2-3 X 8-12 cm), mucronate all'apice, glaucescenti; fg. sup. lineari-lanceolate, progressivam. ridotte. Inflor. densa dapprima subca-pituliforme (3 X1 cm), quindi pirami-data; brattee lanceolato-lineari (3-4 X 16-20 mm); fi. inodori (10-12 mm), rosei con macchie più scure; tepali esterni patenti, ovati, prolungati in una lunga appendice spatolata, gli interni pure appendicolari, lunghi metà degli esterni; labello trilobo a lobi quasi di uguale lunghezza, il med. con una piccola appendice; sperone conico (3-4 mm).","62799d4f5919be05e298c1da2cd2bc33","1128689","(L.) Rchb.","Pianta perenne erbacea","3-6 dm","Pascoli subalpini ed alpini.","600","2300","Giugno","Agosto","Orchidea dei pascoli","","","G bulb","1396901",""
"486","Orchidaceae Gruppo I","Gruppo","","","","","","","","","","","","","","","","",""
"495","Aceras anthropophorum","Specie","Bulbi 2, ellissoidi (2 cm), castani; f. eretto, rigido e striato sotto Pinflor. spesso nudo. Fg. 7-10, da lanceolate a subspatolate (1-1.5 X 6-10 cm), acute, le sup. ridotte a scaglie avvolgenti strettam. il f. Spiga lineare densa con fi. numerosi (fino a 45); tepali esterni verdastri con margine violaceo, riuniti in casco ottuso che racchiude gli interni strettam. lineari; labello (12-16 mm) pendente giallastro od ocra, con lobo centr. diviso in 2 lacinie lineari e 2 lobi lat. pure lineari.</p>
<strong>Nota</strong> - <em>Aceras</em> si ibrida frequentem. con Orchis militaris L., O. purpurea Hudson, O. si-mia Lam. ed O. italica Poiret, con le quali presenta un'indubbia affinità. Negli ibridi il labello si estende in uno sperone lungo circa 2 mm ed è colorato per lo più di violetto almeno sul bordo; anche i tepali sono per lo più venati in violetto.","7f044854baaa6d7122c0b702bd9d86d8","1136364","Ballerina","Pianta perenne erbacea","20-40 cm","Macchie, prati aridi (pref. calc).","0","1500","Aprile","Giugno","(L.) R. Br.","","","G bulb","1398001",""
"494","Serapias","Genere","Le Serapias, come il genere precedente, sono Orchidee mediterranee di probabile origine orientale; a differenza delle Ophrys esse però risultano relativamente poco differenziate (solo 10 specie, 6 delle quali in Italia). Caratteristica per le Serapias è invece la straordinaria variabilità nell'ambito delle singole specie, ulteriormente complicata dalla frequente presenza di ibridi intragenerici (tra le specie di questo genere) o intergenerici (con specie vicine di altri generi).</p>
In Serapias il labello è tipicam. 3lobo: il lobo centr. o epichilo (= lobo apicale) è quello rivolto verso il basso;i lobi lat. costituiscono l'ipochilo, sono assai più piccoli dell'epichilo e generalm. rivolti a lama verso l'alto.</p>
<strong>IBRIDI</strong><br />Ibridi intraspecifici tra le diverse specie di Serapias sono relativam. frequenti dovunque due o più specie convivono.<br />Più interessanti sono gli ibridi, più rari, tra specie di Serapias e specie di Orchis. Tutti questi ibridi hanno in comune con il primo genere l'assenza dello sperone, con il secondo i tepali esterni ± patenti. In Italia sono stati osservati gli ibridi seguenti:</p>
Serapias neglecta X Orchis laxiflora. Dintorni di Pisa.<br />Serapias neglecta X Orchis papilionacea. Liguria, Toscana.<br />Serapias neglecta X Orchis morio. Liguria pr. Voltri e Recco, Toscana, tra Pisa e Livorno<br />Serapias vomeracea X Orchis coriophora. Lombardia (Lago di Mezzola), Veneto (Vigasio Veronese) e Triestino a Stramare.<br />Serapias vomeracea X Orchis papilionacea. Lombardia (Lago di Mezzola) e Liguria nei dintorni di Genova. &","c877f37d30626707f7e86d4cc42c9eac","17843","","","","","","","","","","","","","",""
"553","Serapias parviflora","Specie","Bulbi ovoidi castano-chiari; f. eretto. Fg. 4-5, lineari-lanceolate (5-12 cm), le inf. spesso chiazzate di purpureo sulla guaina, le sup. raggiungenti la base dell'inflor. Fi. 3-6 in inflor. lassa, molto piccoli e spesso avvolti dalle brattee (3-4 cm) intensam. colorate; ipochilo completam. racchiuso nel casco tepalico, violaceo o bruno-purpureo almeno sul bordo; epichilo lanceolato-acuto (3-4 X 6-10 mm), riflesso, color rosso-mattone o giallastro.","17d557916773d84dba5e2d77ede0db12","1130750","Serapide minore","Pianta perenne erbacea","15-25 cm","Prati umidi.","0","600","Aprile","Maggio","Pari.","","","G bulb","1397005",""
"552","Serapias cordigera","Specie","Bulbi, f. e fg. come 5530. Inflor. compatta con 5-10 fi. generalm. scuri; brattee (2-4 cm) generalm. più brevi del casco, grigio-violacee; ipochilo di solito quasi interam. racchiuso nel casco tepalico, rosso-ruggine scuro; epichilo pendente o riflesso, cordato (18-24 X 18-28 mm), acuto o ottuso, rosso-ruggine scuro coperto di peli di 1.0-1.5 mm.","d8e1f53a37798ad6cb8b2322dcab3cea","1130768","Serapide cuoriforme","Pianta perenne erbacea","20-40 cm","Prati e cespuglieti per lo più in ambienti umidi ed anche palustri.","0","1000","Aprile","Giugno","","","","G bulb","1397001",""
"551","Serapias neglecta","Specie","Bulbi ovoidi, castani; f. robusto, ingrossato, in alto non o poco arrossato. Fg. lanceolate a lineari (1-2 X 4-12 cm). Inflor. con 3-12 fi., breve e densa, spesso è caratteristico il contrasto cromatico tra l'epichilo giallastro ed il casco purpureo; brattee ellittico-lanceolate 2-4 cm, verdi o poco arrossate, di solito più brevi del casco; ipochilo purpureo-scuro sul bordo, racchiuso soltanto in parte nel casco; epichilo non formante un angolo brusco con l'ipochilo, ovato (15-22 X 22-28 mm), spesso arrotondato all'apice, giallastro o rosso-ocraceo chiaro con vene più scure.","a04f4c716c5524703c8351eabe608627","1130756","Serapide brunacea","Pianta perenne erbacea","15-30 cm","Incolti aridi, prati, oliveti.","0","600","Marzo","Aprile","De Not.","Specie endemica","","G bulb","1397002",""
"550","Serapias orientalis","Specie","Bulbi castani ovoidi; f. robusto, ingrossato, violaceo in alto. Fg. 5-6, lanceolate (1-2 X 5-10 cm) le sup. ± violacee. Inflor. densa con 2-5 fi. di colore generalm. purpureo; brattee ovato-lanceolate fino a 24 X 50 mm, spesso sorpassanti il casco; ipochilo racchiuso nel casco tepalico, purpureo-brunastro a -nerastro sul bordo; epichilo riflesso o pendente 15-18 X 20-30 mm, bruno-violaceo scuro, coperto di peli lunghi 2 mm.","71dd043c6e41cb50178c1b2fe256bc9d","1130752","Serapide orientale","Pianta perenne erbacea","12-25 cm","Prati aridi, incolti erbosi, oliveti.","0","200","Marzo","Aprile","Nelson","","","G bulb","1397011",""
"549","Serapias vomeracea","Specie","Bulbo, f. e fg. come 5530. Inflor. con 4-8 fi. spesso ravvicinati, grandi, ± intensam. violacei o purpurei; brattee violacee 3-7 cm; ipochilo completam. racchiuso nel casco tepalico, purpureo-nerastro sul bordo; epichilo rivolto in basso o ± riflesso, lanceolato-acuto (8-11 X 22-27 mm), rosso-ruggine o talvolta giallastro, con vene scure, coperto da peli lunghi 1.5-1.8 mm.","4f7f02143afd8dfa7fb4f08b0bf729f9","1130742","Serapide maggiore","Pianta perenne erbacea","25-50 cm","Prati aridi, cespugli, macchie.","0","1200","Aprile","Maggio","(Burm.) Briq.","","","G bulb","1397003",""
"548","Serapias lingua","Specie","Bulbi chiari, subsferici, raccolti alla base del f. oppure collegati da brevi rz.; f. eretto, foglioso nella metà inf. Fg. lineari a lanceola-to-lineari (generalm. 0.5-1 X 4-9 cm), acutissime, scanalate, le sup. progressi-vam. ridotte. Inflor. pauciflora (2-4 fi., raram. fino ad 8 oppure anche 1 solo); brattee lineari-lanceolate (2-3 cm), di aspetto fogliaceo, ma per lo più tinte in roseo-violaceo; fi. generalm. rosei e purpurei con sfumature violacee; ipochilo purpureo sul bordo, ± racchiuso nel casco tepalico; epichilo diretto in avanti ed in basso, da lanceolato a cordato (9-18 mm), roseo venato di purpureo o quasi completamente purpureo talora anche giallastro; casco grigio-violaceo.","c7e938b62f8d58fd261de50c95589382","1130759","Serapide lingua","Pianta perenne erbacea","1-3 dm","Prati e incolti aridi o ± umidi, a volte paludi.","0","1200","Marzo","Maggio","Linneo","","","G bulb","1397004",""
"493","Herminium monorchis","Specie","F. gracile. Fg. basali di solito 2, 6-12 mm X 4-10 cm. Fi. giallognoli, numerosi in inflor. piuttosto densa; te-pali esterni oblunghi, ottusi, talvolta tribbi di circa 2-2.5 mm, conniventi, gli interni più stretti e più lunghi degli esterni, attenuati nella parte apicale; labello trilobo; lobi tutti stretti, il med. assai più lungo dei lat.; sperone brevissimo.","43862f52baa6766968f51d71acee3e41","1099756","Orchide ad un bulbo","Pianta perenne erbacea","8-25 cm","Pendii erbosi aridi oppure umidi.","0","1700","Maggio","Luglio","(L.) R. Br. ","","","G bulb","1402001",""
"492","Chamaeorchis alpina","Specie","F. eretto, striato. Fg. 6-10, tutte basali con le guaine formanti un involucro cilindrico alla base del f.; lamina lineare (1.5-2 X 30-60 mm), scanalata di sopra, acuta. Fi. 6-14 in spiga densa, cilindrica; brattee lesiniformi, le inf. di 1.5-2 X 8-9 mm; fi. inodori con casco verdognolo e labello giallastro; tepali esterni conniventi in casco che racchiude gli interni, oblunghi, ottusi, lunghi 3 mm circa; tepali interni alquanto più stretti e brevi; labello oblungo quasi intero 2 X 3-4 mm, pendente, privo di sperone.","","","Gramignola alpina","Pianta perenne erbacea","5-9 cm","Pascoli alpini e subalpini (calc)","2000","2700","Luglio","Agosto","L. C. Rich.","","","G bulb","1401001",""
"491","Ophrys","Genere","Il genere Ophrys comprende una cinquantina di specie distribuite soprattutto nella regione mediterranea; le specie con caratteri ancestrali sono accantonate nel Medit. Or., e qui si presume sia il centro d'origine del gruppo. La flora italiana è ricca di Ofridi, soprattutto sul Gargano e nelle zone adiacenti delle Puglie.</p>
<br /><strong>FUSTO e FOGLIE</strong> - Gli organi vegetativi nelle varie specie di Ophrys sono quasi eguali: Due bulbi ipogei, generalmente ovoidi (1-3 cm) e biancastri, carnosi, dai quali si alza un f. eretto, indiviso. Fg. ridotte e squame brevi, le cauline inf. (2-4) strettam. ellittiche (1-3X5-15 cm), ripiegate a doccia, acute; fg. sup. lineari, progressivam. di aspetto bratteale. Inflor. con pochi (2-4) fi. spaziati, più raram. fino a 15, addensati, spesso rivolti ± dalla stessa parte; ogni fi. all'ascella di una brattea lineare-scanalata (2-3 cm). - Questi caratteri non verranno ripetuti di volta in volta.</p>
Le specie di Ophrys sono tra loro quasi eguali come aspetto delle parti vegetative, e nel fiore i tepali esterni ed interni sono poco appariscenti e scarsamente differenziati; il labello invece è vivacemente colorato, e presenta uno straordinario polimorfismo. A volte si possono osservare differenze cromatiche o morfologiche anche sul labello di fi. diversi della stessa pianta, e questo avviene di frequente tra individui della stessa popolazione. Queste differenze (evidentem. di carattere individuale) si sommano ad altre differenze cromatiche o morfologiche, che invece sono caratterizzanti per le singole specie: si forma così un quadro estremamente complesso e per certi gruppi confuso. Non può dunque meravigliare, che nel secolo scorso sia stato descritto un gran numero di specie entro il gen. Ophrys, in quanto molti AA. credevano di ravvisare in modifiche individuali (spesso però ereditarie) i caratteri di nuove specie. Di qui sono derivati i quadri estremamente complessi del REICHENBACH e di SOO. Va al NELSON il merito di aver dato una sistemazione soddisfacente a questo genere: il suo è stato un lavoro di autodidatta, lontano dai laboratori della Scienza «ufficiale», in quanto, per sfuggire alla dittatura nazista, aveva interrotto la carriera appena iniziata in Germania, e solo con difficoltà aveva potuto trovare una sistemazione in Svizzera. Il punto di partenza per questo Autore è un'ipotesi: che il labello derivi dalla trasformazione degli abbozzi staminali, anziché dal terzo tepalp interno (come parrebbe intuitivo e del resto venne ipotizzato già da DARWIN). La verifica di quest'ipotesi viene effettuata durante decenni di pazienti e minuziose osservazioni su popolazioni naturali e porta a definire in modo del tutto originale la configurazione (Gestalt) degli organi fiorali e le regole che sembrano determinare il passaggio dall'uno all'altro tipo per dorsiventralizzazione del fiore, accentuazione di singoli caratteri ed avvicinamento di organi eterogenei. Gli AA. precedenti si erano sforzati di classificare ogni tipo morfologico noto, incasellandolo in un sistema rigido così da condannarlo a completa fissità. Il quadro risultante dall'opera del NELSON è ben diverso: le singole entità (specie e sottospecie) sono concepite come sistemi naturali, cioè insiemi di individui con caratteri ± fluttuanti, tra loro interagenti così da determinare medie, le quali a loro volta, per effetto dei fattori genetici e delle modificazioni della crosta terrestre, tendono a spostarsi lungo linee armonicamente prefissate. L'interpretazione di questa realtà vivente ed in continuo movimento perme,^c di inquadrare in maniera soddisfacente l'eccezionale polimorfismo di Ophrygm uno schema nuovo e di geniale semplicità, al quale ci siamo letteralmente attenuti.<br />In realtà il labello di Ophrys rappresenta un fenomeno biologico del tutto singolare. Era già noto ai naturalisti del secolo scorso come i fiori di Ophrys, venissero visitati di regola solo dai maschi delle specie impollinatrici. La spiegazione di questo venne data dal KULLENBERG (in Zool. Bidr. Uppsala 34, 342 pagg., 1961). Il labello imita nella forma e pelosità l'addome della femmina delle stesse specie, ed il fiore emette gli odori che a queste servono di richiamo sessuale: così il maschio viene attirato dal fiore dell' Ophrys, sul quale si posa effettuando una pseudo-copulazione, in una posizione obbligata che lo mette in contatto con le masse polliniche; una parte del polline s'incolla sull'insetto, viene asportata e quindi ceduta al fiore successivo. Gli insetti impollinatori sono Bombi, Calabroni, Api e Vespe. Si potrebbe difficilmente immaginare un sistema più complicato per garantire l'impollinazione incrociata. Colore e forma del labello sono in generale caratteri ereditari, sui quali è pensabile si esplichi una «scelta» da parte dell'insetto impollinatore: evoluzione dell'insetto e della pianta procedono di pari passo. Lo straordinario polimorfismo del labello di Ophrys è dunque probabilmente causato da questa fitta rete di interrelazioni tra impollinatore ed impollinato. Le ricerche più recenti su Ophrys sono indirizzate verso l'analisi citologica e la biometria di popolazioni. È stata messa in evidenza (STEBBINS e FERLAN 1956; DANESCH et EHRENDORFER, 1975; GREILHUBER et EHRENDORFER, 1975) la tendenza alla formazione di complessi ibridi omogami, che possono subire una vera e propria deriva verso tipi morfologici ben caratterizzati. In questo modo recentemente DANESCH ha descritto alcune nuove sottospecie DANESCH ed EHRENDORFER (1976) anche nuove specie di Ophrys italiane. Esse evidentemente non risultano omologhe delle specie sulle quali è fondato il sistema di NELSON (in quanto segregate soprattutto per effetto dei meccanismi di impollinazione), ma molto meno comprensive, spesso ridotte ad una o poche popolazioni, e corrispondono circa a quello che gli AA. precedenti potevano considerare una forma o varietà locali. Tuttavia si tratta divinità molto naturali. Non se ne è tenuto conto in questa trattazione, perché sbratta di tipi per ora accessibili solo allo specialista, e d'altra parte perché questo tipo di analisi è solo agli inizi: se questi studi continueranno è verosimile che numerose nuove Ophrys possano venire in futuro individuate.","188fa0b6da848d62738f5ae8a9b6d132","29176","","","","","","","","","","","","","",""
"533","Ophrys insectifera","Specie","Fi. 4-15 in spiga lassa; tepali esterni lanceolati, ottusi, verdi; gli interni lunghi circa la metà degli esterni, filiformi, pubescenti, bruni; labello quasi piano, 3lobo, con lobo med. 2lobo, bruno, vellutato, salvo una macchia mediana glabra azzurognola.","4c671633df5aa1b78db177bc87253751","1136493","Orchidea insettifera","Pianta perenne erbacea","25-40 cm","Macchie, garighe, incolti.","0","1700","Maggio","Giugno","","","","G bulb","1394001",""
"532","Ophrys speculum","Specie","Fi. 2-8, distanziati; tepali lat. esterni oblunghi, ottusi, verdi con una striscia mediana bruna; il med. curvato sul ginostemio, con un margine ispessito; tepali interni lunghi da ⅓ a ⅔ degli esterni, bruni; labello 3lobo con lobi lat. inseriti nella metà basale, lunghi e ± triangolari; lobo med. obovato, leggerm. smarginato all'apice; quasi tutta la superficie del labello è occupata dalla macchia glabra, lucida azzurro-violetta, sul margine sfumante verso il bruno e quindi con un bordo giallo che si prolunga sui lobi lat., più esternam. con una fascia di peli folti e lunghissimi bruno-rossastri.","845020bce5c1a83d904c3812ca9b2606","1136416","Orchidea azzurra","Pianta perenne erbacea","10-25 cm","Macchie, garighe, incolti.","0","600","Aprile","Maggio","Link","","","G bulb","1394002",""
"531","Ophrys fusca","Specie","","e41bea04766a9a4f1fe03032a21c34e1","1136500","Orchidea scura","Pianta perenne erbacea","10-25 cm","Macchie, garighe, incolti","0","600","Marzo","Maggio","Link","","","G bulb","1394004",""
"547","Ophrys fusca subsp. iricolor","Specie","","","","","","","","","","","","","","","","",""
"546","Ophrys fusca subsp. fusca","Specie","","","","","","","","","","","","","","","","",""
"530","Ophrys lutea","Specie","Fi. 2-6, ravvicinati; tepali esterni largam. ovati, ottusi o acuti, verdi; gli interni oblunghi, circa 2 volte più lunghi che larghi, giallastri o verdastri, più brevi della metà degli esterni; labello 3lobo, i lobi lat. separati dal med. da strette incisioni situate nella parte apicale del labello; lobo med. smarginato o bilobo; lati del labello non revoluti; labello con larga macchia bruna ristretta verso l'apice, giallo per il rimanente.","e9ce1883baa9de6c85b1ecec28789bc0","1136476","Orchidea gialla","Pianta perenne erbacea","10-25 cm","Macchie, garighe, incolti.","0","400","Aprile","Maggio","Cav.","","","G bulb","1394003",""
"529","Ophrys pallida","Specie","Fi. 3-5, ravvicinati; tepali esterni verdognoli, largam. ovati, concavi, gli interni lunghi più della metà degli esterni, nastriformi, giallastri; labello molto convesso in profilo longitudinale, curvato in basso presso alla base e di nuovo nel terzo apicale, glabro nei ⅔ basali, pubescente all'apice, giallognolo o verdastro alla base, bruno per il rimanente.","5f1e87cea59dfdf65124a9b834f62958","5934239","Orchidea pallida","Pianta perenne erbacea","10-20 cm","Macchie, garighe, incolti.","0","600","Marzo","Maggio","Rafin.","","","G bulb","1394005",""
"528","Ophrys fuciflora","Specie","Fi. 4-10, spaziati; tepali esterni ova-to-oblunghi; gli interni ovati a oblunghi, lunghi ¼ a più di metà degli esterni, spesso auriculati; labello variabile di forma, grandezza e colore, di solito trapezoidale, largo, fornito o meno di gibbosità basali, marginato, provvisto di larga appendice, di solito 3loba.","a798f1a9377844e4525c5d38b39abd2f","1136501","Orchidea dei fuchi","Pianta perenne erbacea","15-40 cm","","0","1000","","","(Crantz) Moench","","","G bulb","1394016",""
"543","Ophrys fuciflora subsp. candica","Specie","Tepali esterni ovato-oblunghi rosei o biancastri con nervatura med. verde; gli interni triangolari, lunghi circa ⅕ degli esterni; labello largo, subquadrato, con area lucida basale limitata da linee biancastre.</p>
<strong>Nota</strong> - Probabilm. anche la subsp. celiensis Danesch (rinvenuta a poca distanza pr. Ce-glie Messapico) va qui riferita: si distingue per i tepali esterni triangolari, spesso verdastri, i tepali interni molto ridotti, etc.","","","","","","","0","50","Maggio","Maggio","Nelson","","","","",""
"542","Ophrys fuciflora subsp. fuciflora","Specie","Tepali esterni bianchi a rosei; labello lungo circa come i tepali esterni, provvisto o meno di gibbosità basali, vellutato, rosso-bruno, con aree glabre limitate da linee gialle formanti un disegno variabilissimo, ma di solito confinate nella metà basale.","","","","","","","0","800","Maggio","Giugno","","","","","",""
"541","Ophrys fuciflora subsp. oxyrrhynchos","Specie","Fi. 5-6, relativam. piccoli; tepali esterni ovàto-oblunghi, verdastri, rosei o porporini; gli interni lunghi meno di ⅕ degli esterni o ridottissimi, talvolta auriculati, ugualm. variabili nel colore: labello poco convesso, mancante di gibbosità basali, trapezoidale, intero salvo per la smarginatura apicale da cui sorge un'appendice eccezionalm. lunga, volta in su.</p>
<strong>Nota</strong> - Pure con tepali verdi è una popolazione osservata pr. Ostuni nelle Puglie e descritta come subsp. parvimaculata Danesch, che tuttavia si distingue per il labello con appendice breve e macchie ridotte, come pure per i tepali interni maggiori (⅓-⅖ degli esterni): essa va probabilm. riferita alla subsp. (a).","","","","","","","0","50","Aprile","Maggio","(Tod.) Soó","Specie endemica","","","",""
"540","Ophrys fuciflora subsp. pollinensis","Specie"," Fi. 4-6; tepali esterni rosei o porporini, gli interni lunghi in media la metà degli esterni; labello di forma e grandezza simile alla subsp. (a) ma nella forma delle macchie lucide più vicino alla subsp. (d); linee gialle assenti; appendice intera o quasi.","","","","","","","0","500","Aprile","Maggio","Nelson","","","","",""
"539","Ophrys fuciflora subsp. exaltata","Specie","Fi. 3-6 in spiga lassa; tepali esterni ovato-oblunghi, rosei, bianchi, o raram. verdastri; gli interni lunghi almeno la metà degli esterni, strettam. triangolari; labello assai più lungo dei tepali esterni, più grande che in tutte le altre subsp., convesso, in veduta dorsale ovato, quasi interam. vellutato, rosso-bruno; macchie lucide piccole, di solito confinate alla parte mediana, non delimitate da linee gialle; appendice abbastanza sviluppata, di solito intera; smarginatura indistinta.","","","","","","","0","400","Marzo","Aprile","(Ten.) Nelson","","","","",""
"527","Ophrys scolopax","Specie","Fi. 3-8; tepali esterni porporini, rosei o bianchi; gli interni lunghi in media la metà degli esterni, lanceolati, talvolta auriculati; labello dilatato alla base a causa dei lobi lat. sporgenti, in veduta dorsale ristretto verso l'apice, ma spianato molto largo anche nella parte api-cale; gibbosità basali sporgenti dai lobi lat., sempre molto sviluppate e talvolta lunghissime; disegno di linee e macchie gialle variabilissimo, spesso esteso a gran parte del labello.</p>
Dal greco scolopax = beccaccino, forse per la caratteristica forma del ginostemio che può ricordare la testa di un uccello.","2ef826620535ad169ec973082b3e934a","1136423","Orchidea cornuta","Pianta perenne erbacea","15-30 cm","Prati aridi, garighe.","0","300","Aprile","Aprile","Cav.","","","G bulb","1394015",""
"545","Ophrys scolopax subsp. cornuta","Specie","","","","","","","","","","","","","","","","",""
"544","Ophrys scolopax subsp. heldreichii","Specie","","","","","","","","","","","","","","","","",""
"526","Ophrys arachnitiformis","Specie","Fi. 2-12, spaziati; tepali esterni oblunghi, il med. spesso troncato, tutti verdastri oppure sbiancati o arrossati salvo nella nervatura; tepali interni ½-⅔ degli esterni, talvolta increspati sul bordo, verdastri, bianchi, rosei o porporini; labello intero o sub-trilobo privo o quasi di gibbosità basali, bruno-rossastro scuro con macchia centrale glabra violacea bordata di bianco, lucida, di forma variabilissima.Specie polimorfa e quasi indefinibile.","577f2fa0140c94ccc81afe3fc721e6f2","1136548","Orchidea a forma di ragno","Pianta perenne erbacea","15-40 cm","Prati aridi, garighe, pinete","0","500","Marzo","Aprile","","","","G bulb","1394017",""
"525","Ophrys sphecodes","Specie","Fi. 4-10 spaziati; tepali esterni oblunghi (verdi nella subsp. a); gli interni in media lunghi ⅔ degli esterni, quasi sempre increspati ai margini; labello lungo quanto i tepali esterni, ovato, generalm. non 3lobo, ma spesso con smarginatura e piccola appendice api-cale, di solito privo di gibbosità basali (ma cfr. la subsp. c), vellutato con macchie lucide di forma variabiliss. a partire dalla base e fino a ⅔ della lungh.","","","Orchidea verde-bruna","Pianta perenne erbacea","25-50 cm","Prati aridi, garighe, incolti","0","1200","Marzo","Aprile","Miller","","","G bulb","1394006",""
"538","Ophrys sphecodes subsp. sicula","Specie","Caratterizzata dall'inflor. multiflora e compatta, i tepali esterni molto grandi e chiari, il labello di forma ovale, quasi appuntito all'apice. Fi. numerosi (fino a 15, eccezionalm. anche 18); tepali esterni triangolari, bianchi a rosei con nervature verdi; tepali interni molto minori, lesiniformi, rossastri o brunastri almeno sul bordo; labello ovato, subtrilobo, privo di smarginatura apicale, ma provvisto di piccola appendice; macchia cerulea con bordi bianchi, a forma di H con linee verso l'apice divergenti o ramificate e ± confluenti. - Sic. Sett. -Endem.","","","","","","","","","","","","","","","",""
"537","Ophrys sphecodes subsp. sphecodes","Specie","Caratterizzata in generale dal fi. relativam. piccolo con tepali verde-giallastri e labello bruno, per lo più privo di sfumature rosso-purpuree. Tepali esterni stretti, verdi; tepali interni giallastri, raram. bruno-rossastri; gibbosità basali del labello poco sviluppate, talora quasi nulle. -In tutto il terr. (in Sic. e Sard. forse soltanto le subsp. seguenti). - Euri-Medit. Sett.","","","","","","","","","","","","","","","",""
"536","Ophrys sphecodes susp. subsp. garganica","Specie","Caratterizzata dalle macchie del labello, che alla base (cioè nel punto più alto di questo) si prolungano in ramificazioni trasverse rivolte verso il bordo. Tepali esterni sottili, verdi; tepali interni più larghi di questi, ellittico-lanceolati, colorati di rosso-bruno almeno ai margi- . ni; labello grande, molto largo (16 X 14 mm ca.), del tutto privo di gibbosità basali, con lobi lat. poco differenziati. - Gargano e costa pugliese verso SE fino a Fasano. - Subendem. (anche in Catalogna). Per la subsp. sipontensis vedi sotto.","","","","","","","","","","","","","","","",""
"535","Ophrys sphecodes subsp. atrata","Specie","Caratterizzata generalm. dalle sfumature rossastre dei tepali. Tepali esterni triangolari o allungati, stretti, verdi o sfumati di roseo, spesso con nervature verdi; tepali interni più piccoli, giallo-rosei o ± bruno-rosei; la-bello con gibbosità ben sviluppate, spesso sbiancate all'apice e pubescenza molto lunga e folta sulla fascia marginale; macchia lucida in forma di 2 strisele longitudinali parallele, prolungan-tisi fin quasi all'apice del labello ed in alto confluenti. - Regioni Nordorient., coste della Pen., Riviera, Sic, Sard. e Cors. - Steno-Meditt.</p>
<strong>Nota</strong> - O. sphecodes subsp. sipontensis Gumprecht si distingue per i tepali esterni spesso sbiancati, i tepali interni più larghi, il labello maggiore, indiviso, con gibbosità deboli, con chiazza ceruleo-violacea, in alto spesso ramificata verso i lati, etc. Si ricollega alle subsp. (b) e (c) e forse è un mutante di una di queste. È nota per Siponto e le zone vicine del Gargano, dove le due subsp. precedenti sono abbastanza diffuse.","","","","","","","","","","","","","","","",""
"534","Ophrys sphecodes subsp. panormitana","Specie","Caratterizzata dai grandi tepali esterni di colore chiaro e dal labello 31obo. Tepali esterni lanceolati, ottusi, bianchi o leggerm. rosati con nervatura verde; tepali interni molto minori, bruno-rossastro chiari; labello 3lobo con lobi lat. paralleli a quello med. e lunghi circa ⅔ di questo, il med. a sua volta 2lobo, senza appendice; colore bruno-purpureo scuro con chiazza violacea basale poco sviluppata. - Sic. Sett. - Endem.","","","","","","","","","","","","","","","",""
"524","Ophrys lunulata","Specie","Fi. 7-8 spaziati; tepali esterni oblunghi, più brevi del labello, rosei, il mediano curvato in avanti; gli interni stretti, lunghi circa i ⅔ degli esterni, rosei; labello apparentem. stretto in veduta dorsale, ma, se spianato, circa trapezoidale e molto largo nella parte posteriore, ai lati fortem. revoluto, 31o-bo; lobo mediano poco pubescente, portante un'appendice apicale volta in sù; lobi lat. molto pubescenti, con gibbosità basali poco sviluppate, volti in giù; colore del labello in generale bruno, talvolta con margini giallastri; macchia lucida piccola, situata a circa ⅓ dalla base, a forma di mezzaluna con la concavità volta verso l'apice.","38f5e36071f640f3004264777a553561","1136478","Orchidea a mezzaluna","Pianta perenne erbacea","30-40 cm","","0","800","Marzo","Aprile","Pari.","Specie endemica","","G bulb","1394010",""
"523","Ophrys bertolonii","Specie"," Fi. 3-8, spaziati; tepali esterni oblunghi, più brevi del labello, rosei o rosso-violacei, raram. verdastri; tepali interni lunghi ½-⅔ degli esterni, oblunghi, rosso-violacei, quasi glabri; labello intero (raram. subtrilobo), privo di gibbosità basali, all'apice smarginato e con un'appendice volta all'insù, den-sam. pubescente e bruno-violaceo scuro su tutta la superficie salvo una macchia glabra azzurra nella metà inf.</p>
Bertoloni A. (1775-1869), professore di Botanica a Bologna, autore di una Flora Italica in 10 volumi (1834-1854) ancora insuperata e di altri importanti studi sulla flora italiana.","6ee327f1af93b967a70324a60e504244","1136540","Orchidea di Bertoloni","","15-35 cm","Prati aridi, garighe, incolti","0","600","Aprile","Maggio","Mor.","","","G bulb","O. comune; Arigano, Rigano, Regano, Regamo, Riami, età; Acciughero, Cornabusa, Maggiorana selvatica",""
"522","Ophrys apifera","Specie","Fi. 4-12 in spiga lassa; tepali esterni ovati, acuti, equidistanti, rosei, rosso-violacei o bianchi; gli interni lunghi ⅙-⅛ degli esterni, subtriangolari, ottusi, pubescenti; labello rosso-bruno con linee gialle, piccolo, fortem. 3lobo; lobo med. fortem. revoluto, esteso in appendice volta in giù, glabro eccetto nella parte apicale; lobi lat. pubescenti, formanti gibbosità basali.","3144583f05e63309a02c9ef4d7701f9b","1136554","Orchidea fior di Api","","20-50 cm","Luoghi erbosi freschi tra i cespugli, radure","0","800","Maggio","Luglio","Hudson","","","","1394019",""
"521","Ophrys tenthredinifera","Specie","Fi. 3-9, ravvicinati; tepali esterni rosei, raram. sbiancati, largam. ovati, concavi; tepali interni di colore simile agli esterni e lunghi ⅓ di questi, pubescenti, triangolari con base molto allargata e spesso auricolata ed apice ottuso; labello non diriso in 3 lobi, poco convesso, con gibbosità basali nulle o poco prominenti, largo, trapezoidale, con larga smarginatura mediana provvista di una grossa appendice rivolta in su;, colore bruno nella parte centrale, giallastro altrove; superficie vellutata con un ciuffo di lunghi peli davanti all'appendice apicale; macchia lucida molto piccola, limitata alla parte basale.","07f0f486529aa8195f3be2ab0128a445","1136410","Orchidea fior di Vespa","","10-20 cm","Macchie, garighe ed incolti","0","600","Aprile","Maggio","Willd.","","","G bulb","1394018",""
"520","Ophrys bombyliflora","Specie","F. eretto con 2-4 fi. ravvicinati, i più piccoli fra tutte le specie italiane di questo genere. Tepali esterni verdi, ovati, concavi; tepali interni verdi (spesso bruni alla base), triangolari, ottusi, lunghi 1/3 degli esterni; labello bruno profondam. 31obo: lobo med. in gran parte glabro e fortem. revoluto (le parti lat. non visibili dall'alto), con appendice volta in giù; lobi lat. provvisti di gibbosità terminanti in punte acute rivolte verso il basso e coperte da lunga pubescenza.","50c9850196d7a5c0880682151a66552b","1136539","Orchidea fior di Bombo","Pianta perenne erbacea","10-15 cm","Macchie, ganghe ed incolti","0","600","Aprile","Maggio","Link","","","G bulb","1394020",""
"485","Cypripedium calceolus","Specie","Rz. orizz. squamoso; f. cilindrico, pubescente, eretto. Fg. 3-5, largam. ellittiche (le inf. 3-5 X 8-12 cm), un po' acuminate, con nervature evidenti, sporgenti di sotto. Fi. generalm. unico (raram. 2), molto grande; tepali esterni bruno-violacei, il med. ovato-lanceolato (4 cm circa), i lat. fusi assieme, simili al med. e di uguale lungh.; tepali interni da bruni a verdognoli, patenti, 4 cm circa; labello giallo-oro, lungo 3-4 cm, urceolato (a forma di orcio o, meglio, a pantofola).</p>
<strong>Nota</strong> - Questa specie di grande bellezza è stata oggetto di raccolta indiscriminata ed ormai è divenuta ovunque molto rara: è pianta da fotografare, ma da rispettare, lasciandola vivere in natura; oltre tutto, in erbario essa perde i colori.<br /><strong>Osserv</strong>. - Il genere Cypripedium appartiene ad un gruppo primitivo delle Orchidaceae (Diandrae), caratterizzato dalla presenza nel fiore di 2 antere fertili, carattere indubbiamente ancestrale, attraverso il quale le Orchidee si ricollegano alle Monocotiledoni più affini (ordine Zingiberales); la grande maggioranza delle Orchidee invece mostra un'ulteriore riduzione dell'apparato maschile, con 2 stami sterili o trasformati ed una sola antera fertile (Monandrae). Le Diandrae comprendono un'ottantina di specie (contro quasi 20.000 attribuite alle Monandrae) distribuite tra pochi generi dei quali i più comprensivi sono Paphiopedilum ('baricentro sull'Asia Sud-Orientale tropicale, dalla Malacca all'IAdonesia) e Cypripedium. Quest'ultimo presenta una trentina di specie e raggiunge la massima diversità nella Cina centro-occid. e merid. fino all'Hima-laya ed un centro secondario nel Nordame-rica. La nostra specie è ampiam. diffusa in Europa e nelle parti orientali dell'America Sett, evita però le zone a clima marcatamente oceanico; più dispersa ed in varietà differenziate si estende sul resto dell'Eurasia (manca in Giappone) e Nordamerica, limitatamente alle zone temperato-fredde.","242f903a98b3044290e6210236e547b8","1092937","Pianelle della Madonna","Pianta perenne erbacea","25-45 cm","Boschi di latifoglie (soprattutto faggete) o di conifere, arbusteti subalpini (calc).","500","2000","","","Linneo","","","G rhiz","1391001",""
