id,name,taxa_kind_id_name,description,col_id,eol_id,"Limite altitudinale superiore","Limite altitudinale inferiore","Tipo di vegetazione",Altezza,Portamento,"Codifica numerica",Diffusione,"Ciclo riproduttivo","Nome Italiano",Autore,Sinonimi,Progressivo,"Inizio fioritura","Fine fioritura","Forma biologica"
3073881,"Corydalis cava",Specie,"Bulbo subsferico (diam. 1.5-4 cm) cavo. F. eretto semplice, glabro. Fg. radicali 3-4 volte ternate con segm. ultimi oblanceolati (8-16 X 22-35 mm)conun dente o lobo grossolano per lato, apice ottuso mucronulato; fg. cauline 2, alterne o subopposte simili, ma per lo più 3-pennatosette. Racemo un po' incurvato 5-20-floro lungo il doppio delle fg. caul.; brattee lanceolate, le inf. 7 X 20 mm; corolla bianco-rosea, orizzontale, lunga in totale 20-25 mm; sprone incurvato di 40-90°; capsula 3-4 X 15-20 mm.<br /><br />Europeo-Caucas.<br />Alpi, Pad. (oggi quasi ovunque distrutta), Pen. (soprattutto sui rilievi) fino al Garg. e Pollino: C.<br /><br /><strong>Variab.</strong> - Il colore della corolla può (nell'ambito della stessa popolazione) variare fino al violetto oppure al bianco.",99b9703087a0938cd44b8bbb6cdeb0ab,5104488,1000,0,"Boschi di latif., soprattutto farnia e carpino.","10-35 cm","Pianta perenne erbacea",2858009,,,"Colombina cava","(L.) Schweigg. et Koerte","(= C. bulbosa sensu Fl. Europ. non DC; C. tuberosa DC.)",897,Marzo,Maggio,"G bulb"
10943880,"Corydalis intermedia",Specie,"Simile a {t897}, ma bulbo pieno; fg. cauline inf. all'asc. di una grossa squama; racemo breve, con soli 2-8 fi., generalm. più lungo delle fg. cauline; corolla 10-15 mm.<br /><br />Centro-Europ.<br />Alpi, App. Tosco-Emil., Laz., Abr., Basil.: R. Segnalata anche sulle Madonie.",fd0db4b7c41cc68b892e0f77a542eb59,5473482,2000,100,"Boschi di querce e faggio su suolo ricco.","6-12 (-20) dm",,2858012,,Annuale,"Colombina media","(L.) Mérat","(= C. fabacea Pers.)",898,Aprile,Maggio,"G bulb"
5263879,"Corydalis acaulis",Specie,"Simile a {t896}, ma annuale; fi. bianco-giallastri. - Su antichi muri a Pola, forse introdotta.<br /><br />Illirica.",46d02739e334181389f52b20e4c04863,,,,,"1-2 dm",,2858004,,Annuale,"Colombina acaule",,"(Wulfen) Pers",895/b,Febbraio,Maggio,"T scap"
2823878,"Corydalis ochroleuca",Specie,"Simile a {t895}, ma fg. con segm. più stretti, di 3-5 (10) X 15-20 (30) mm; corolla 17 mm, gialla, aranciata alla fauce, con sperone di 3 mm, quasi diritto.<br /><br />Endem. Illirico-Appenn. (Anfiadriat.).<br /><br />A. Apuane, App. Lucchese e Pist., Sibillini, Norcia, Laz., Abr., Matese e Basil. : R.; anche nel Comasco ad Erba e sui Corni di Canzo, e nel Carso Triest., però probabilm. solo in terr. jugoslavo.<br /><br /><strong>Nota</strong> - La corolla è gialla, aranciata alla fauce; sul Terminillo Montelucci ha osservato una popolazione con corolla quasi bianca, giallo-intensa solo all'apice, che sembra ricollegarsi a {t895/b}.",2ee434366bb46eff04891d7106d22748,46371443,1500,100,"Rupi cale, forre umide.","10-25 cm","Pianta perenne erbacea",2858005,,,"Colombina bianco-gialla",Koch,"(= C. lutea var. ochroleuca Fiori)",896,Maggio,Luglio,"H scap"
8993877,"Corydalis lutea",Specie,"Rz. tenace orizzontale avvolto da guaine bruno-scure; f. eretti, generalm. &lt; fg., glabri, striati. Fg. 2-pennatosette con segm. di 2° ordine lobati, partiti o completam. divisi, oblanceolati, per lo più 5-9 X 10-15 mm, ottusi o mucronulati all'apice. Racemo 5-15-floro; brattee lesiniformi 0.5 X 4 mm; corolla gialla lunga 17 mm dei quali ⅕ formano lo sprone non o appena incurvato; capsula 1 cm, pendente.<br /><br />Endem. (nat. nell'Eur. Occid.).<br />Alpi nel Bellun., Vicent., Trent., Bergam., Grigne fino all'Ossola: R.",f3a10e1e4a4070e9744ccb4edf1bb12e,485686,1700,500,"Rupi calc., stillicidiose; muri.","10-20 cm","Pianta perenne erbacea",2858003,"Specie endemica",,"Colombina gialla","(L.) DC.",,895,Aprile,Settembre,"H scap"
7733876,"Corydalis pumila",Specie,"Simile a {t900}, ma racemi meno forniti (3-8-flori); peduncoli frutt. di 2-5 mm; corolla 12-18 mm con sperone diritto.<br /><br />Centro-Europ.<br />Cors.: C; una segnalazione sui M. Simbruini (M. Calvo) merita conferma; inoltre sulle Alpi essa è segnalata ad Arnoldstein, a pochi km dal territorio italiano (Tarvisiano). Recentem. scoperta anche sul M. Spada (Gennargentu) in Sard.",c1685544bf291fb67ccb30c77846d024,5473888,2000,600,"Forre umide.","7-20 cm",,2858013,,Annuale,"Colombina minore","(Host) Rchb.",,899,Aprile,Maggio,"G bulb"
5723875,"Corydalis solida",Specie,"Bulbo giallastro diam. 1 cm, dall'alto oscuram. tetragono, pieno; f. eretto, zigzagante, glabro. Fg. caulina inf. ridotta ad una squama, le due sup. con picciuolo di 1-2 cm e lamina glauca a contorno triangolare (3 X 3.5 cm), divisa in 3 X 3 segm. di 2° ordine, questi per lo più partiti o completam. divisi in 3-5 lacinie lanceolate di 3 X 10-12 mm. Racemo eretto (5-) 10-20-floro; brattea ascellante 13 X 9 mm, divisa in 5 lacinie, peduncoli frutt. 10-20 mm; corolla rosea, violetta alla fauce, lunga 20 (15-30) mm, con sperone un po' ripiegato; capsula di 10-23 mm.<br /><br />Centro-Europ.<br />Alpi, Pen. sull'App. ed altri rilievi fino alla Sila, Sic, Sard. e Cors. : R.<br /><br /><strong>Variab.</strong> - In Cal. e Sic. prevalgono popolazioni con brattee più profondam. divise, ciascun segm. a sua volta 3-lobo; inoltre le fg. sono più intensam. glauche e con lacinie ultime più strette: var. densiflora (Presi) Boiss. (segnai, anche in Abr., ma da confermare); la var. australis Hausmann, probabilm. assai prossima, ma con brattee meno divise, in Trent. ed A. Adige.",cd720c09ee81135a8ccfbbf0be76ded2,481785,1800,200,"Boschi di latif (querceti e faggete)","5-15 (-30) cm","Pianta perenne erbacea",2858014,,,"Colombina solida","(L.) Swartz","( = C. bulbosa [L.] DC.)",900,Aprile,Maggio,"G bulb"
13423874,"Corydalis capnoides",Specie,"F. ascendenti, ramosi dalla base, glabri. Fg. bipennatosette con segm. di 2° ordine per lo più lobati o partiti. Racemi con 3-6 fi., dei quali gli inf. all'asc. di brattee fogliacee; corolla bianco-giallastra lunga 13-16 mm, dei quali ⅖ formanti lo sperone; capsula fusiforme pendula lunga 2-3 cm.<br /><br />Eurosib.<br />Cadore (Padola), Livinallongo, Bressanone, Enneberg (Marebbe), S. Lorenzo e S. Candido in Pusteria: R. (forse solo avventizia).",3712a07ae244ec69be6904977d015da5,488284,1200,600,"Muri, macerie.","1-3 dm",,2858002,,Annuale,"Colombina bianca","(L.) Pers.",,894,Giugno,Agosto,"T scap"
6443852,Corydalis,Genere,"Bibl.: Poellnitz K. v., Feddes Rep. 44: 154-157 (1938); Ryberg M., Ada Horti Bere. 16 (7) 233-240 (1953).",73579beb37cec13026003b642cbf301f,60699,,,,,,,,,Colombina,Vent.,,,,,
1983851,"Platycapnos spicata",Specie,"<div>F. eretto, scanalato, spesso ramoso-corimboso. Fg. inf. in rosetta lunghe 3-5 mm, 2-3-pennatosette, divise in lacinie di 0.3 x 2-5 mm, le cauline generalm. minori. Racemo unico all'apice di ciascun ramo, spiriforme o subangoloso (1X1-2 cm), con peduncolo di 2-6 cm; corolla rosea 4 mm; fr. (1.5 mm) con margine rilevato.<br /><br />
<div>W-Medit. -Macarones.</div>
<div>Nizz. e Lig. (Riviera, Chiavari), Salerno, Sic. e Sard: R.</div>
</div>",6d965eddbbbaf8f1aefbcf060a56f94b,5474577,600,0,"Orti e vigne.","8-35 cm",,2861901,,Annuale,"Fumaria spicata","(L.) Bernh.","( = Fumaria spic. L.)",916,Aprile,Maggio,"T scap"
6603897,"Fumaria transiens",Specie,"<div>Simile a {t909}, ma sepali subinteri.<br /><br />Segnalata sull'Argentario al Convento e sulla ferrovia Orbetello-Ansedonia, merita ulteriore conferma.<br /><br />Iber.</div>",0a3ffa4725a46c55ba4fd9c6c389d804,,,,,"2-5 dm",,2861018,,Annuale,,Sell,"(= F. reuteri Boiss.)",909/b,,,"T scap"
3253896,"Fumaria muralis",Specie,"F. ascendente, grosso (diam. 3-4 mm), scanalato. Fg. 3-4-pennatosette con segm. di 3° ordine partiti o com-pletam. divisi in lacinie di 1-1.3 X 4-5 mm. Racemi 20-30-flori lunghi 5-8 cm, fioriferi su ½-⅖ apicali; sepali dentati 1.5-3 X 3-5 mm; corolla 7-8 mm, rosea con macchia scura; peduncoli eretto-patenti, 2-2.5 mm, lunghi 1.5 volte la brattea; fr. sferico diam. 2-2.5 mm.<br /><br />Subatl.<br />Segnalata nell'It. Medit, ma quasi ovunque per confus. con {t908} e da verificare.<br /><br /><strong>Nota</strong> - Segnalazioni di {t909} (oppure di sinonimi di questa) si hanno per la Tosc, Umbria, Camp., Puglia, Basil., Sic, Sard., numerose Is. minori e — benché meno verosimili — anche per il Veron. e l'Istria; anche la subsp. boraei (Jordan) Pugsley, caratterizzata da corolla di 10-12 mm e fr. ovoide, è segnalata a Messina ed in Sard. Queste segnalazioni vanno in gran parte riferite a {t908}, mentre nel nostro territorio {t909} è assai rara, probabilm. solo in Cors. e forse in Sard.",44a8824a31d58883a1b1183d15c52ffc,5474327,600,0,"Orti, vigne, incolti.","3-7 dm",,2861017,,Annuale,"Fumaria murale","Boiss. et Sonder","(= F. media LoiseL; F. serotina Guss.)",909,Aprile,Giugno,"T scap"
12423895,"Fumaria bastardii",Specie,"Simile a {t909}, ma racemi fioriferi su ⅗ apicali; sepali 1-2 X 2-3 mm; peduncoli lunghi 2-3 volte la brattea.<br /><br />Subatl.<br />It. Merid., Sic, Sard. e Cors.: C; segnalata anche in Lig.: R.<br /><br />Bastard T. (1784-1846), botanico ad Angers.",3848bac6506b0309995fdacd16153a9e,5474195,600,0,"Orti, vigne, incolti.","2-5 dm",,2861014,,Annuale,"Fumaria di Bastard",Boreau,"( = F. gussonei Boiss.)",908,Marzo,Maggio,"T scap"
4673894,"Fumaria bicolor",Specie,"F. prostrato-ascendente, finem. striato. Fg. 2-3-pennatosette con segm. di 2° ordine lobati o divisi in lacinie di 3x5-8 mm, arrotondate all'apice. Racemi 8-15-flori, lunghi 3-5 cm, fioriferi in ⅓ apicale; sepali 1X 2-2.5 mm; corolla 10 mm bianco-rosea, scura all'apice; peduncoli 3-4 mm, eretto-patenti lunghi 3 volte le brattee; fr. sferico diam. 1.8 mm.<br /><br />Steno-Medit. (Occid.), generalm. nesicola.<br /><br />Arcip. Tosc. (ind. Argentario), Is. Ponziane, Is. Maltesi, Linosa, Pantell, Cors. e forse Sard.: C.",dc9f8ed755400a6347492ebd38d0b6a9,5474201,600,0,"Orti, vigne, incolti.","2-5 dm",,2861013,,Annuale,"Fumaria insulare",Sommier,,907,Febbraio,Aprile,"T scap"
7123893,"Fumaria gaillardotii",Specie,"Caratteri di {t901} (con la quale è stata spesso confusa), ma corolla rosea; racemi più poveri &lt; peduncolo; sepali di 2 X 3-4 mm; corolla di 10-12 (-13) mm; petalo sup. subacuto; fr. oscuram. prismatico, con mucrone indistinto.<br /><br />E-Medit. (Steno-).<br />Sic: C; segnalata anche nella Pen., dove la sua presenza è probabile.<br /><br />Gaillardot C. (1814-1883), medico e fiorista a Saida (Libano).",f6cf2331da72f75305fd746f9a8abada,13716570,600,0,"Con la prec.","2-4 dm",,2861005,,Annuale,"Fumaria di Gaillardot",Boiss.,,903,Aprile,Aprile,"T scap"
5993892,"Fumaria bella",Specie,"Simile a {901} (alla quale forse va riunita), ma corolla rosea; racemi più poveri &lt; peduncolo; sepali di 1.5-2 X 3-3.5 mm; corolla di 12-14 mm; petalo sup. ottuso; fr. subsferico-ovoide, mucronulato.<br /><br />Euri-Medit.<br />Lig., Orvieto: R; segnalata anche nel Garg, Sic. e Sard., ma da verificare.",d453be4cdb852c90d7efd5cf04b359db,,600,0,"Campi, incolti.","2-4 dm",,2861004,,Annuale,"Fumaria bella",Sell.,"(= F. major Badaro non Roth)",902,Aprile,Maggio,"T scap"
5033891,"Fumaria agraria",Specie,"F. eretti o ascendenti, ramosi dalla base, striati. Fg. 2-3pennatosette con segm. di 2° ordine lobati o partiti formanti lacinie di 2-3 X 5-8 mm, ottuse. Racemi 15-20 fiori fioriferi nei ⅗ sup.; sepali 1-2 X 3.5-5 mm; corolla 8-14 mm, biancastra macchiata di scuro all'apice; peduncoli 3-4 mm, lunghi 1.5 volte la brattea; fr. ovoide diam. 2.5-3 mm con becco bilobo.<br /><br />Steno-Medit.<br />Piem. a Calcare, Lig., Firenze, Ancona, Teramo, Terracina, Camp., Puglia, Sic, Sard., Malta e molte pìcc. Is.: R.<br /><br /><strong>Nota</strong> - La distribuzione di {t901} è poco conosciuta, perché questa specie è stata spesso confusa con {t903}, e quindi andrebbe verificata.",238f4dfe27042bf34ff48b18303c5c34,5474170,600,0,"Orti, campi ed incolti.","2-4 dm",,2861001,,Annuale,"Fumaria agraria",Lag.,,901,Aprile,Aprile,"T scap"
8673890,"Fumaria judaica",Specie,"Simile a {t901}, ma peduncoli lunghi 2-3 volte la brattea; sepali 1 X 2 mm; fr. appena smarginato all'apice.<br /><br />SE-Medit.<br />Garg.: R; segnalata anche nel Napol. e Sic., ma da verificare.",5d443594ebc86b06c301b6002a66d7d6,5474280,600,0,"Campi, incolti.","2-5 dm",,2861006,,Annuale,"Fumaria gudaica",Boiss.,,904,Aprile,Maggio,"T scap"
3753889,"Fumaria flabellata",Specie,"Pianta glabra e glaucescente (!). F. ascendenti o prostrati, striati, ramosi. Fg, basali con picciuolo di 2-3 cm e lamina a contorno ovale (18-26 X 25-35 mm) diviso in 5 segmenti ovati o flabellati (8-9 X 6-9 mm) divisi a loro volta in lacinie disposte a ventaglio, larghe 1-1.5 mm, terminanti in un mucrone e punteggiate di sopra. Racemo 10-30-floro lungo quanto il peduncolo; sepali lanceolati (1.5 x 3.5 mm), ialini percorsi da una linea centrale verde; corolla bianco-rosea con macchia pur-pureo-nerastra all'apice, lunga 12 mm; fr. (diam. 2-2.5 mm) tuberculato-rugosi, su peduncoli arcuati verso il basso lunghi 4-6 mm, con brattee acute di 3 mm.<br /><br />Steno-Medit.<br />It. Medit., verso N fino al Garg. e Nap., Sic, Sard, e Cors.: C; Maremma Tosc., Istria: R.",c8cf9b530baff84550ec77fc4d214496,5474257,800,0,"Orti, vigne, incolti.","2-4 dm",,2861010,,Annuale,"Fumaria a ventaglio",Gasparr.,,906,Febbraio,Aprile,"T scap"
9663888,"Fumaria capreolata",Specie,"F. prostrato-ascendente, ramosissimo, scanalato. Fg. 2 (3) pennatosette; segm. di 2° ordine lobati o partiti, divisi in lacinie di 2-4 X 4-10 mm. Racemo 16-25floro lungo 6-8 cm, fiorifero in ⅓-⅖ apicale; sepali 2-3 X 4-5 mm; corolla (11-14 mm) pallida, scura all'apice; peduncoli frutt. ricurvi ad uncino, lunghi 3-5 mm, cioè 1.3 volte la brattea; fr. sferico, liscio (diam. 1.8 mm).<br /><br />Euri-Medit.<br />It. Medit. verso N fino ai colli Romagn. e Moden. e Lig., Sic, Sard. e Cors. Istria: C; It. Seti. R e localizz. nelle zone più calde (L. di Garda, Bergam., Langhe).",a004738750608c7fb655ec98bfe93d28,487222,1200,0,"Orti, vigne, incolti.","3-6 dm",,2861009,,Annuale,"Fumaria bianca",Linneo,,905,Dicembre,Marzo,"T scap"
7703900,"Fumaria officinalis subsp. wirtgenii",Specie,,,,,,,,,,,,,,,,,,
693899,"Fumaria officinalis subsp. officinalis",Specie,,,,,,,,,,,,,,,,,,
713887,"Fumaria officinalis",Specie,"Pianta glabra, glauca e ramosissima (!). F. prostrati o ascendenti, angolosi. Fg. inf. 3-4-pennatosette con picciuolo di 3 cm e lamina a contorno triangolare di 3 X 4 cm, ridotto a lacinie lineari larghe 1 mm. Racemi eretti, fioriferi su ⅗ sup.; sepali 1X 1.5-3 mm; corolla rosea, porporina alla fauce, lunga 7-8 mm; capsula liscia, sferica, compressa in alto, diam. 2 mm, su un peduncolo eretto-patente, lungo 1.2-2 volte la brattea.<br /><br />Paleotemp., ora Subcosmop.<br />In tutto il terr.: CC.",fd91411954de5acce7cd5ae22c259944,590512,1600,0,"Colture concimate e sarchiate (soprattutto patate), orti, vigne: ruderi.","2-4 dm",,2861025,,Annuale,"Fumaria comune; Fumosterno; Feccia",Linneo,,912,Maggio,Agosto,"T scap"
7603886,"Fumaria densiflora",Specie,"F. prostrato-ascendente, striato. Fg. 2-3-pennatosette con segm. di 2° ordine lobati o divisi in lacinie di 0.5-1 X 1.5-3 mm. Racemi 15-25-flori, lunghi 4-6 cm, fioriferi su tutta la lunghezza; sepali 1-2 X 2-3 mm; corolla 6-7 mm, rosea; peduncoli eretto-patenti (4 mm) lunghi il doppio della brattea; fr. sferico diam. 1.8-2.5 mm.<br /><br />Subcosmop.<br />Puglia, Basil., Cal., Sic, Sard. e Cors.: C; Piem. merid., Lig., Tosc, Umbria, Abr.: R; anche pr. Roma ed in Istria pr. Pola.",138b94238fda25efce5118a2a55483e5,5474242,600,0,"Orti, campi, ruderi.","15-30 cm",,2861023,,Annuale,"Fumaria densiflora",DC.,,911,Marzo,Aprile,"T scap"
6723885,"Fumaria kralikii",Specie,"F. eretto o ascendente, ramoso alla base, striato. Fg. 2-3-pennatosette con segni, di 2° ordine lobati o divisi in lacinie di 1-1.5 X 3-6 mm. Racemi 8-15-fiori, fioriferi su ⅗ apicali; sepali 2.5 mm; corolla rosea chiazzata di scuro, 5-7 mm; peduncoli 1.5-2 mm ripiegati ad uncino, lunghi quanto le brattee; fr. piriforme 1.2 X 1.5 mm.<br /><br />Pontica.<br />Avv. e nat. nell'Orto Bot. di Padova, Nizz., Cagliari, Cors. ed Istria: R e non ritrovata di recente.<br /><br />Kralik L. (n. 1813), esplorò floristicamente il Medit. Occid.",26117b8393e7aa653b2135dade28e0b5,27736684,300,0,"Incolti, ruderi.","10-20 cm",,2861021,,Annuale,"Fumaria di Kralik",Jordan,,910,Aprile,Giugno,"T scap"
7243884,"Fumaria schleicheri",Specie,"Simile a {t914}, ma racemi 12-20-fiori, fioriferi per lo più solo sulla metà apicale; corolla più scura; peduncoli lunghi 3 volte la brattea.<br /><br />
<div>Eurasiat.</div>
<div>Alpi, dal Ven. alla Lig. e Sard.: R.</div>
<div><br />Schleicher J. C. (1768-1834), botanico tedesco, visse in Svizzera.</div>",515c857ad1370dc07737a508b6fe4768,5474384,2000,0,"Orti, vigne, incolti.","2-4 dm",,2861029,,Annuale,"Fumaria di Schleicher",Soyer-Will.,,913,Maggio,Ottobre,"T scap"
5133883,"Fumaria vaillantii",Specie,"F. prostrato-ramoso, irregolarm. dicotomo, striato. Fg. 3-pennatosette con segm. di 3° ordine interi o partiti in lacinie di 1-1.5 X 7-12 mm. Racemi 10-15-flori lunghi 3-5 mm, fioriferi su ⅘ apicali; sepali 0.5 X 1 mm; corolla (4-5 mm) roseo-biancastra, scura all'apice; peduncoli frutt. eretto-patenti (1.5-3 mm) lunghi 1.5-2 volte la brattea; fr. piriforme (1.5x2.0 mm), rugo-setto.<br /><br />
<div>Medit-Turan.</div>
<div>It. Sett. (escl. Emilia), Puglia, Basil., Sic, Sard. e Cors.: R.<br /><br />Vaillant S. (1669-1722), botanico parigino.</div>",1e49fb1ff891222f9996068d4f1daa20,487221,2100,0,"Campi di cereali, patate, orti, vigne.","2-4 dm",,2861031,,Annuale,"Fumaria di Vaillant",Loisel.,,914,Giugno,Ottobre,"T scap"
7663882,"Fumaria parviflora",Specie,"<div>F. prostrato-ramosi, con rami ascendenti. Fg. 3-pennatosette, con segm. di 3° ordine di 0.3-0.5 X 2-5 mm, quasi capillari. Racemi 6-15-flori, lunghi 3-5 cm, fioriferi in ⅚ della lunghezza; sepali 1 mm; corolla (4 mm) biancastra, scura all'apice; peduncoli frutt. eretto-patenti, lunghi 1.5-2 mm, cioè quanto la brattea; fr. sferico, liscio (diam. 1.2 mm).<br /><br />
<div>Medit-Turan. (Archeofita?).</div>
<div>Lig, Pen. (verso N fino ad Ancona e Livorno), Sic, Sard. e Cors.; Pad. (Romagna, Pìem., Ven., Friuli), Langhe, Triest.: R.</div>
</div>",fa95a02e6847828918647911c93d79f5,596192,800,0,"Campi (soprattutto cereali).","15-40 cm",,2861033,,Annuale,"Fumaria a fiore piccolo",Lam.,,915,Marzo,Aprile,"T scap"
7603850,Fumaria,Genere,"Bibl.: Pugsley H. W., vari contributi in Journ. Linn. Soc. London Bot. 44-50 (1919-1936)-Negodi G., Rivista di Biol 20, 2: 315 (1936).<br /><br />Genere complesso e ricco di specie, la cui differenziazione è avvenuta principalmente nel bacino del Mediterraneo, probabilmente in concomitanza con l'attività umana. Per {t905} sono noti numeri cromosomici elevati (2n = 56, 64), mentre {t912}, {t914} e {t915} hanno 2n = 28, 32, però non è stato finora possibile individuare serie poliploidi. Frequente la cleistogamia, con produzione di fi. con dimensioni inferiori alla norma (attenzione durante la determinazione !).<br />Lo studio dei caratteri fiorali deve essere eseguito su materiale fresco.<br />Le misure dei peduncoli e dei racemi si intendono sempre al momento della fruttificazione.",bc4151fc778f3123b37c07295875b402,61793,,,,,,,,,Fumaria,Linneo,,,,,
8853873,"Hypecoum imberbe",Specie,"Simile a {t892}, ma petali esterni triangolari-trilobi (7-15 mm) ben più larghi che lunghi.<br /><br />Paleotemp.<br />Puglia, R. Cal, Malta, Sard. e Cors.: R; avv. a Livorno (ora scomparso).",2d97a1c6785ee3542691be5c51e5f674,487119,300,0,"Incolti e ruderi.","1-2 dm",,2834002,,Annuale,"Cornacchina a fiore grande","S. et S.","(= H. grandiflorum Bentham)",893,Febbraio,Aprile,"T scap"
4183872,"Hypecoum procumbens",Specie,"F. numerosi, ascendenti, ramosi nell'infior., puberuli e striati longitudinalm. Fg. basali lunghe fino a 12 cm, 3-pennatosette, divise in lacinie lineari di 0.5-1 X 5-6 mm, acute e mucronate; fg. cauline verticillate alle ramificazioni dell'infior. e ridotte a lacinie lineari di 0.5-1 X 20-30 mm. Fi. gialli; petali esterni romboidali 3-9 mm; capsula ricurva a falce, divisa in articoli, lunga 4-6 cm.<br /><br />Paleotemp.<br />Lig., Laz. a Ladispoli, Camp., Pugl, Sic, Sard. e Cors., Malta, Arcip. Tosc:<br />R. - Bibl.: Rey-Pailhade C. de, Bull. Soc. Bot. Francesi: 374-385 (1905).",5ee5da72f2927c6521518980707fc99a,5474548,600,0,"Pascoli aridi, campi.","12-25 cm",,2834001,,Annuale,"Cornacchina comune",Linneo,"(incl. H. glaucescens Guss.)",892,Febbraio,Maggio,"T scap"
8103849,Hypecoum,Genere,,,60765,,,,,,,,,Cornacchina,Linneo,,,,,
613848,"Chelidonium majus",Specie,"F. prostrato o ascendente, sparsam. pubescente, con latice biancastro, che all'aria diviene aranciato, poi bruno. Fg. pennatosette a contorno ovato (5-12 X 7-15 cm) con 7 segm. lobati o partiti, arrotondati, scuri di sopra. Fi. 2-6 in ombrelle terminali; petali gialli, spatolati (5x9 mm); capsula lineare (2 X 30 mm), eretta, glabra.<br /><br />Euras. divenuta Circumbor.<br />In tutto il terr.: C.",b09656a45fdf3fb04f993f7404f64b71,488380,1200,0,"Muri, ruderi.","1-5 dm","Pianta perenne erbacea",2845001,,,"Celidonia; Erba dei porri",Linneo,,891,Maggio,Ottobre,"H scap"
6053870,"Glaucium corniculatum",Specie,"Simile a {t889}, ma anche le fg. cauline pennatosette; petali 1.5-3 cm, aranciati o rossi, raram. gialli; capsula con setole appressate.<br /><br />S-Medit.<br />Tivoli, Puglia, Cal., Sard., Cors., Marettimo, Lampedusa e forse Pantelleria: R: talora avvent.",459796549f8417859fc1bcee6b707de1,483315,300,0,"Ruderi, coltivati.","3-5 dm",,2848003,,Annuale,"Papavero cornicolato","(L.) Rudolph","( = G. phoeniceum [Crantz] Bertol.; G. rubrum Ten.)",890,Maggio,Giugno,"T scap"
5093869,"Glaucium flavum",Specie,"Fusto glaucescente (!). F. eretto, ramoso, con sparse setole patenti. Fg. basali (10-20 cm) pennatosette con 4-6 segni, opposti, ovali (2x3 cm), dentati o lobati e segm. terminale (4x2 cm) profondam. 3-lobo; fg. cauline progressivam. abbreviate, le sup. lobate. Fi. (diam. 4-5 cm) con 4 petali obovati (3x3 cm) gialli; capsula lineare (fino a 20 cm).<br /><br />Euri-Medit.<br />Coste della Lig., Pen. ed Istria: C; coste della Pad. da Trieste a Rimini: R; avv. su greti in Piem., lungo l'Arno, etc.<br /><br />Bibl.: Turrill W. B., Kew Bull. 1933: 174-184 (1933).",df52718273f03dd4307bd7a905b10d9b,483314,,,"Sulle coste, soprattutto nitrofila su ruderi, scarpate, spiagge sassose, anche su dune sabbiose. (lit.).","4-7 dm","Pianta perenne erbacea",2848001,,Biennale,"Papavero cornuto",Crantz,"(= G. luteum Scop.)",889,Maggio,Ottobre,"H scap"
8743847,Glaucium,Genere,,,61047,,,,,,,,,Papavero,,,,,,
523846,"Roemeria hybrida",Specie,"F. ascendente, ramoso, pube-rulo o subglabro. Fg. 2-3-pennatosette, divise in lacinie lineari acute. Fi. (diam. 5-6 cm) su peduncoli &lt; fg. ascellante, dopo la fioritura allungati ed ispessiti; petali violetto-scuri lunghi 1.5-2.5 (3) cm; capsula lineare (2-3 X 25-80 mm), irta di setole patenti.<br /><br />Medit.-Turan.<br />Avv. a Trieste, Genova ed Apuania: R ed effimera.",848c0b4f43619c0d8a80c3da474430b1,2874247,300,0,"Ruderi e macerie.","1-5 dm",,2849001,,Annuale,Roemeria,"(L.) DC.","( = R. violacea Medicus)",888,Giugno,Giugno,"T scap"
5803862,"Papaver somniferum",Specie,"Fiusto subglabro. F. eretti, robusti, glauchi. Fg. cauline ovate o lanceolate, lunghe 7-12 dm, alla base cordato-amplessicauli, profondam. lobate sul bordo, ondulate, cerose; lobi ottusi, non terminanti con una setola. Fi. terminali su peduncoli allungati; bocciuolo penduto (8 X 15-20 mm); sepali precocem. caduchi; petali 4 lunghi 3-5 cm, ondulati, bianchi, rosei o violetti, con chiazza scura alla base, spesso lobati sul bordo; stami numerosi a filam. bianchi; disco stigmatico con 8-12 (-18) raggi; capsula subsferica (3-5 X 4-8 cm).<br /><br />Euri-Medit. divenuto subcosm. (forse derivato per coltura da {t877}).<br /><br />Raram. subspont. nell'It. Sett.<br /><br />Bibl.: Danert S., Kulturpflanzen 6: 61-88 (1958); Hrishi N. J., Genetica 31: 1-130 (1960).",c0764ec6713a9162c1451a3f70ffd0e0,594796,1500,0,"Coltiv. come pianta medie. (P. da oppio), per i semi aromatici (sulle Alpi) e come specie ornamentale.","3-12 dm",,2853001,,Annuale,"Papavero domestico",Linneo,"(incl. P. album Miller, P. hortense Husenot; P. officinale Gmelin)",876,Maggio,Agosto,"T scap"
11043861,"Papaver setigerum",Specie,"Simile a {t876}. ma più gracile; f., fg. e peduncoli con setole allungate; fg. minori con lamina più stretta e lobi acuti, terminanti con una setola; disco stigmatico con 5-8 raggi; capsula 4-5 cm..<br /><br />W-Medit.<br />Coste occid. dalla Lig. alla Cal., Sic, Sard. e Cors. : C.",62eb7ad449078201999fb099dab93d73,,600,0,"Pascoli, muri, infest. i coltivati.","2-8 dm",,2853029,,Annuale,"Papavero setoloso",DC.,,877,Maggio,Giugno,"P scap"
4763860,"Papaver pinnatifidum",Specie,"Simile a {t879}, ma fg. basali bipennatosette con segm. di 1° ordine ristretti alla base; fg. cauline lobate o pennatosette; capsula cilindrico-conica (5-6 X 18-25 mm).<br /><br />Steno-Medit.<br />Riviera Lig., Basil., a Petrucco, Sic, Sard., Cors., Pianosa: C.",9c86d5a44848ca102fd243958a2e29db,5475218,600,0,"Infestante i coltivati.","2-5 dm",,2853007,,Annuale,"Papavero pennatifido",Moris,"(incl. P. simoni Fouc.)",881,Aprile,Maggio,"T scap"
4833859,"Papaver lecoqii",Specie,"Simile a {t879}, ma latice giallo anziché bianco e fg. più profondam. divise, 2-pennato-sette; stami con antere gialle, lunghe quanto l'ovario; capsula (5-8 X 14-20 mm) subcilindrica, bruscam. contratta alla base.<br /><br />W-Europ.<br />Cors. ad Ajaccio, Calvi, Pto. Vecchio, Colle di S. Colombano: R.<br /><br />Lecoq H. (1802-1871), fiorista e fitogeografo francese.",13b597a688792028a9ff7f9abfc52b3f,5475130,700,0,"Rupi e ghiaie.","2-5 dm",,2853004,,Annuale,"Papavero di Lecoq",Lamotte,,880,Aprile,Giugno,"T scap"
5523858,"Papaver dubium",Specie,"F. eretto, ramoso, con peli patenti sparsi nella metà inf. in alto ± appressati. Fg. setolose sulle nervature, le basali pennatosette con 1-2 denti su ciascun lato dei segm., le cauline lanceolato-lineari (4-12 X 40-90 mm) e semplicetti, dentate. Fi. (diam. 5-6 cm) con petali scarlatti di 3-4 X 2-3 cm; stami &lt; ovario, con antere violette; capsula clavata ( ± 7 X 14 mm).<br /><br />E-Medit.-Turan.   (Archeofita?).<br />Soprattutto su suoli pesanti, debolm. acidi; in tutto il terr.: C.<br /><br />Bibl.: Koopmans A, New Phytol. 69: 1121-1130 (1970).",121c0e0b9d2e376feb35731f567ea2f4,594731,1900,0,"Infestante le colture di cereali.","2-5 dm",,2853003,,Annuale,"Papavero a clava",Linneo,"(incl. P. obtusifolium Desf., P. roubiaei Vignier)",879,Aprile,Giugno,"T scap"
8083864,"Papaver rhoeas subsp. strigosum",Specie,,,,,,,,,,,,,,,,,,
643863,"Papaver rhoeas subsp. rhoeas",Specie,,,,,,,,,,,,,,,,,,
613857,"Papaver rhoeas",Specie,"F. eretto, ramoso, setoloso. Fg. inf. pennatosette con 2-3 denti per lato, a contorno spatolato (2 X 10 cm), le cauline a contorno triangolare (3-5 X 5-7 cm) con due lacinie basali patenti.<br />Fi. (diam. 5-7 cm) con petali scarlatti; capsula subsferica (7-12 X 8-14 mm).<br /><br />E-Medit, da noi sempre sinantropico (Archeofita?).<br /><br />In tutto il terr.: C.<br /><br /><strong>Osserv.</strong> - Non è sicuro che i Papaveri infestanti le colture ({t877}-{t879} e {t881}-{t884}) siano veramente spontanei da noi: il gruppo ha stretti collegamenti con la flora della regione subdesertica compresa tra l'Iran ed il Pamir, cioè la stessa area dalla quale derivano i Frumenti coltivati; pare dunque verosimile che queste specie siano state introdotte nel bacino del Mediterraneo assieme ai Cereali e vi siano rimaste come specie spontaneiz-zate, ma sempre legate all'attività antropica (Archeofite).",135103091199f96ae3f9d1e42a3c659a,596241,2000,0,"Infest. i campi di cereali, spesso anche su ruderi e macerie.","2-6 dm",,2853002,,Annuale,"Papavero comune; Rosolaccio",Linneo,,878,Aprile,Giugno,"T scap"
11423856,"Papaver argemone",Specie,"Simile a {t884}, ma fg. pennatosette con segm. dentati o acutam. lobati; petali obovati lunghi 20-25 mm, non o scarsam. rico-prentisi sui bordi, rosso-scarlatti scuri, talora con chiazza basale più scura, capsula allungata 4-5 X 15-20 mm.<br /><br />Medit.-Turan. (Archeofita?).<br /><br />Su suoli pesanti, subacidi, nelle zone irrigue; pianura lomb.-piem. (a N del Po): C; Pad. e Prealpi, Tosc, Umbria, Roma, Sard. e Cors.: R; segnalata ancora pr. Capua ed alle Eolie.",c86b1db5230602848dab9a4e67cc8650,486651,700,0,"Infestante le colture di cereali.","2-5 dm.",,2853010,,Annuale,"Papavero selvatico",Linneo,,882,Maggio,Giugno,"T scap"
6713855,"Papaver apulum",Specie,"Simile a {t884}, ma con pelosità ridotta; petali rosei con chiazza scura alla base, lunghi 20-25 mm; capsula ellissoide di 4-5 X 6-10 mm.<br /><br />NE-Medit.<br /><br />It. Merid. (verso N fino al Salem, e Garg.) e Sic: C; Istria, Veronese, Bergam., Lugano, Lig., M. Simbruini, Teram.: R.<br /><br />Bibl.: Landolt, Bauhinia, 3: 265-268 (1967).",b46907000e4d6495536b3421083c426f,5474961,800,0,"Colture di cereali.","2-5 dm",,2853012,,Annuale,"Papavero pugliese",Ten.,"( = P. argemonoides Cesati)",883,Aprile,Maggio,"T scap"
5563854,"Papaver hybridum",Specie,"F. eretto, ispido. Fg. basali bipennatosette con segm. di 1° ordine picciuolati; fg. cauline pennatosette con lacinie acute. Petali subrotondi lunghi 15-20 mm, ricoprentisi sui bordi, violaceo-rosei con chiazza scura alla base; stami con filam. violetti ed antere blu; capsula ellissoide: 7-8 X 10-15 mm.<br /><br />Medit.-Turan. (Archeofita?).<br /><br />In tutto il terr., soprattutto in colli aridi calc.: C.<br /><br /><strong>Variab.</strong> - Popolazioni siciliane caratterizzate da setole bianche patenti sui f., fg. e peduncoli, capsula subsferica e disco stigmatico a 8-10 raggi (anziché 4-8) sono state descritte come <em>P. siculum</em> Guss., però non sembrano realmente distinte.",9fa43b446bbe0059dfad1c97cd1e1505,594730,1200,0,"Infestante le colture di cereali.","2-5 dm.",,2853013,,Annuale,"Papavero spinoso",Linneo,"(= P. hispidum Lam.)",884,Maggio,Giugno,"T scap"
9173868,"Papaver kerneri",Specie,"Segm. di 2° ordine generalm. lanceolato-lineari (1 X 3-5 mm) acuti e a volte mucronulati, per lo più divergenti dall'asse della fg. Petali gialli o aranciati (10-12 X 17-19 mm); ovario con raggi stigmatici a piramide.<br /><br />Endem. Estalp.-Dinar.<br />Proprio delle Karawanken e Montenegro, raggiunge il nostro confine sulle Alpi Carniche pr. Pramollo (Gartnerkofel, M. Cavallo di Pontebba, M. Palombino): RR; segnalato anche in Cadore.<br /><br />Bibl: Poldini L., Webbia 29: 466 (1975).<br /><br />Kerner A. von Marilaun (1831-1898), professore di botanica ad Innsbruck, poi a Vienna, precursore di metodi moderni nella sistematica e fitogeografia.",522d989c6473ce825814602b1a36d72e,,2400,1800,"Ghiaioni e macereti calc.","10-20 cm","Pianta perenne erbacea",2853021,,,"Papavero di Kerner",Hayek,"(P. burseri Auct. Fl. Ital. non Crantz)",887/b,Luglio,Agosto,"H scap"
9053867,"Papaver julicum",Specie,"Segm. di 2° ordine generalm. assai piccoli e stretti (1 X 3-5 mm), più raram. fino a 2 X 7 mm, ottusi o arrotondati, non o poco divergenti dall'asse. Petali per lo più bianchi o quasi bianchi; ovario con raggi stigmatici obliqui e formanti una sorta di piramide.<br /><br />Subendem.<br />Alpi Giulie (Montasio, Canin, Mangart) e Carniche (sopra Moggio); Abr. sul Gr. Sasso e Majella: R<br /><br />Mayer E. (vivente), collega ed amico di Lubiana, profondo conoscitore della flora illirica.",f84120f9806ecd4c54394ca9c8651870,,2600,1800,"Ghiaioni e macereti calc.","8-15 cm","Pianta perenne erbacea",2853027,"Specie endemica",,"Papavero delle Alpi Giulie","E. Mayer et Merxm.","( = P. alpinum subsp. ernesti-mayeri Markgraf)",887,Luglio,Agosto,"H scap"
7853866,"Papaver degenii",Specie,"Segm. di 1° ordine a ventaglio (3-4 X 4-7 mm), per lo più indivisi, ma con 1-2 denti per lato, il terminale triangolare, spesso più largo che lungo. Petali giallo-limone (11-15 X 14-16 mm), aranciati nel secco; ovario con raggi stigmatici disposti obliquamente e formanti una sorta di piramide.<br /><br />Endem. Balcan.-Appennin.<br /><br />Sibillini, Abr. al Gr. Sasso: R.<br />1 Degen A. von (1866-1934), autore di una Flora dei Velebit.",07c4465fcbc95cf156b42cb7df3d57cf,,2800,2300,"Ghiaioni e macereti calc.","5-9 cm","Pianta perenne erbacea",2853028,,,"Papavero di Degen","(Urum. et Jàv.) Kuzm.",,886,Agosto,Agosto,"H scap"
6653865,"Papaver rhaeticum",Specie,"Segm. di 1° ordine lanceolati (2-4 X 5-10 mm), dentati o partiti. Petali nel vivo per lo più giallo-uovo; ovario (prima della maturazione della capsula) con raggi stigmatici disposti orizzontalmente e formanti una piastra ± piana; capsula clavata 3 X 10-14 mm.<br /><br />Orof. SW-Europ.<br /><br />Alpi Or., dalle Giulie alle Grigne: C; A. Mariti.: R; nel resto quasi ovunque assente (segnalato sul M. Rosa ed anticam. sulVApp. Sett. al Corno alle Scalc).<br /><br /><strong>Variab.</strong> - Il colore dei petali anche nella stessa popolaz. può variare da giallo-uovo a giallo-solfino, quasi bianco o giallo-aranciato; con la disseccazione quasi tutti i petali divengono giallo-aranciato; questo carattere non ha significato tassonomico. Per quanto riguarda le fg., va notato che in Hegi (2a ed. vol. IV, 1 fig. 21 e nel testo corrispondente) si rileva che i segm. inf. sono opposti in {t887/b}, alterni in {t885}, cioè il contrario di quanto mostra la nostra fig., che è stata disegnata dal vero, su esemplari del Lago di Volaya (Alpi Carniche): questo carattere non deve dunque essere ritenuto costante. Infine i petali sono variabili da oblanceolati a obovati e subreniformi (generalm. 15-19 x 17-25 mm, casi estremi da noi controllati: 13 X 21 mm; 25 X 24 mm) talora anche leggerm. trilobi.<br />Sulle Alpi Carniche e del Cadore si presentano sporadicamente individui le cui fg. hanno segm. di 1° ordine completamente divisi ed acuti (aspetto di 887/b.).",,,2600,1800,"Ghiaioni e macereti calc.","10-15 cm",,2853018,,,"Papavero alpino",Leresche,"(P. alpinum L. p.p.; P. aurantiacum Auct. Fl. Ital.; P.pyrenaicum Auct. FI. Ital.)",885,Luglio,Agosto,"H scap"
17043853,"Papaver alpinum",Gruppo,"F. striscianti, ascendenti dai quali si elevano scapi uniflori, ispidi, in alto per lo più incurvati. Fg. tutte basali, lungam. villose, 1-2-pennatosette, lunghe 4-9 cm (di cui almeno la metà picciuolo). Fi. (diam. 3-5 cm) con boccio ellissoide (1 cm), irsuto, pendulo; sepali precocem. caduchi; petali obovati bianchi a gialli ed aranciati; stami numerosi con antere gialle; capsula clavata 3 X 10-14 mm.<br /><br />Artico-Alp.<br /><br />Gruppo polimorfo, nell'Europ. Merid. rappresentato da una serie di entità differenziatesi probabilmente in relazione alle glaciazioni (mancano nelle zone più lungam. coperte dai ghiacci!) ed anche oggi incompletam. conosciuto.<br /><br />Bibl.: Widder F. J., Oesterr. Boi Z. 81: 56-59 (1932); Markgraf F., Phyton 7: 302-314 (1958).<br /><br />Oltre alle nostre subsp. ancora la subsp. alpinum sulle Prealpi Austriache, la subsp. sendtneri (Kerner) Sch. et K. sulle Prealpi Bavaresi, la subsp. tatricum Nyarady sul Tatra ed in Svizzera, la subsp. corona-sancti-stephani (Zapal) Markgraf in Transsilvania e nei Rodope.",eeb40c033df346bf88871baae5a421a3,594924,,,,"5-15 cm.",,,,,,Linneo,,,Luglio,Agosto,"H scap"
11843845,Papaver,Genere,"Bibl.: Fedde F. in Das Pflanzenreich 40: 288-386 (1909); Knaben G., Opera Bot. Luridi (3): 1-74 (1959); id. 3 (3): 1-96(1959).",3874138bf198f7f1488638adba04fc99,37668,,,,,,,,,Papavero,Linneo,,,,,
21777,Papaveraceae,Famiglia,"Erbe laticifere con fg. alterne; fi. ciclici eteroclamidati, attino- o zigomorfi, con 2 sepali, 4-6 petali e stami 2,4 o numerosi; ov. supero; fr. a capsula. Alcaloidi in alcune specie di Papaver.<br /><br />Bibl.: Fedde F. in Engler A., Das Pflanzenreich 40 (1909); Ryberg M., Ada Horti Berg. 19: T22-248 (1960).",fbaa76b95c237f23ca11f61ea48db0a6,4348,,,,,,,,,,,,,,,
394