id,name,taxa_kind_id_name,description,col_id,eol_id,"Limite altitudinale superiore","Limite altitudinale inferiore","Tipo di vegetazione",Altezza,Portamento,"Ciclo riproduttivo","Forma biologica","Codifica numerica","Nome Italiano",Diffusione,Sinonimi,Autore,Progressivo,"Inizio fioritura","Fine fioritura"
6328,"Filicales (Polypodiaceae)",Ordine,"F. ± sviluppati, per lo più rizomatosi, non articolati; fg. grandi, spiralate, generata, divise; sporofilli eguali ai trofofilli o poco differenziati; sporangi derivanti da un'unica cellula iniziale, spesso provvisti d'indusio; isospore; spermatozoidi con molte ciglia. I gen. <em>Cheilanthes</em>-<em>Polypodium</em>, tradizionalm. inquadrati in una famiglia unitaria (<em>Polypodiaceae</em> s.l.) sono stati recentem. distribuiti fra le fam. <em>Sinopteridaceae</em>-<em>Polypodiaceae</em>, che sono individuate da caratteri di scarsa evidenza. Facciamo seguire una chiave per giungere a queste fam. ed una chiave, del tutto empirica, per il diretto riconoscimento dei generi.<br /><br />La letteratura sulla sistematica di questo gruppo è sterminata (Chiarugi A., Caryologia 13: 27-150, 1960); chi vuole approfondire consulti, ad es., Fiori A., Fl. Ital. Crypt. V: Pteridophyta. 601 pagg. Firenze (1943), un'opera di tipo tradizionale, che tuttavia rimane attuale per il grande dettaglio dei dati distributivi e la moderna trattazione dei problemi fitogeografici; oppure: Manton I., Problems of cytology andevolution in the Pteridophyta. 316 pagg., Cambridge (1950), un volume che ha aperto una nuova tematica nella moderna biotassonomia. Tuttavia negli ultimi anni gli studi biotassonomici sulle Felci sono divenuti sempre più frequenti ed hanno portato per la flora mediterranea ed europea alla descrizione di numerose nuove specie, alla precisazione o chiarimento di altre prima imperfettamente conosciute. Di questi progressi, dovuti soprattutto all'opera del Reichstein e collaboratori (si cfr. numerose pubblicazioni in Fern Gazette, British Fern Gazette, Bauhinia, Ber. Schw. Bot. Ges., Helv. Chim. Ada, Candollea, etc.), si è potuto tenere conto solo in parte, riportando molti aggiornamenti in nota oppure con variazioni del manoscritto in fase di stampa: per l'impetuoso sviluppo di queste ricerche si può ritenere che nei prossimi anni non mancheranno importanti novità e che lo schema qui riportato abbia soltanto valore provvisorio.<br /><br />Le fg. delle specie di questa fam. sono quasi sempre pennato-divise: per brevità abbiamo chiamato pinne le divisioni di I ordine, pinnule le divisioni di 2° ordine. L'organo di riproduzione è lo sporangio, generalmente molto piccolo, il cui studio richiederebbe un esame microscopico del materiale; gli sporangi sono riuniti fra loro in masserelle di aspetto rugginoso, di forma varia e di grandezza tale da riuscire sempre largamente macroscopiche: i sori; in molti generi i sori sono almeno parzialmente ricoperti da una membrana ialina detta indusio.<br /><br />Manoscritto riveduto ed annotato criticamente da T. Reichstein (Basel).",5bec48007b1d16a6933867df0645dc6b,4519,,,,,,,,,,,,,,,
6403,"Matteuccia struthiopteris",Specie,"Rz. grosso (1-3 cm) talora terminante in un breve f. epigeo. Fg. a picciuolo subnullo, lamina verde scura, rigida, con contorno oblanceolato, in-completam. 2-pennatosette; pinnule oblunghe, intere; fg. fertili erette, completam. revolute in modo da avvolgere i sori, brunastre.<br /><br />Circumbor.<br />Alpi: R; Pad: RR; Etna (?).",3adb0a512efe9fc365cbbd29e7e9e920,597357,1500,100,"Boschi su suolo umificato.","5-15 dm",,,"H caesp",9931001,"Felce a penna di struzzo",,"( = Struthiopteris germanica Willd.; Ono-clea struth. Roth)","(L.) Tod.",81,Settembre,Ottobre
6402,"Cryptogramma crispa",Specie,"Fg. con picciuolo &gt; lamina, le esterne (assimilatrici) 2-4 pennatosette con lamina triangolare (3-4 X 4-5 cm), verde-chiara e pinnule 1-2 volte dentato-divise; fg. interne (fertili) con lamina lanceolata (3-4 X 5-9 cm), ridotta a segm. di 2 X 5-10 mm, revoluti sui sori.<br /><br />Circumbor.<br />Alpi, dalle Carniche alle Mariti., App. Sett., Cors.: C",b1fa6f948c6b5f08449767951433fa7e,61921,2400,1000,"Pietraie e rupi (silice).","1-3 dm","Pianta perenne erbacea",,"H ros",9914001,"Felcetta crespa",,"( = Allosorus cr. Roehl.)","(L.) R. Br.",45,Luglio,Settembre
6401,"Blechnum spicant",Specie,"Rz. legnoso (1 cm), breve. Fg. sterili inserite inferiorm. in rosetta, con picciuolo di 1-5 cm e lamina a contorno lanceolato-lineare (5-8 X 30-50 cm) pennato-partita, scura e lucida; fg. interne fertili, erette, generalm. più lunghe, con pinne più strette e distanziate. Sori ricoprenti tutta la pag. inf. delle fg. fertili.<br /><br /><div>Circumbor.</div><div>Alpi, App. Sen.: C; Pad., Cal., Sic, Sard. e Cors.: R; anche nelle Marche pr. Montefortino e Laz. ad Allumiere, Tolfa, Oriolo.<br /><br />Bibl.: Love A., Collect. Bot. 7: 665-676 (1968).</div>",b2b3bfa72e673f1ffd94be4364d4280c,596749,2000,0,"Boschi (acidof.).","3-5 dm","Pianta perenne erbacea",,"H ros",9937001,"Lonchite minore",,,"(L.) Roth",95,Giugno,Settembre
6400,Asplenium,Genere,,3317d967a3914fcc29fb4b5ca6fed67e,37677,,,,,,,,,Asplenio,,,Linneo,,,
6445,"Asplenium septentrionale",Specie,"Fg. ridotte a 2(4) segm. lineari-spatolati (1-2 X 10-15 mm), dentellati all'apice, a disposizione dicotoma. Sori confluenti in un'unica massa lanceolato-lineare, ricoprente tutta la sup. inf. del segm.<br /><br /><div>Circumbor.</div><div>Alpi, App. Sett.: C; Basil. (M. Papa, M. Serranetta), Sic. (Etna), Sard., Cors.: R.</div>",,597643,2500,200,"Rupi e muri (silic).","5-10 cm","Pianta perenne erbacea",,"H ros",9923016,"Asplenio settentrionale",,,"(L.) Hoffm.",64,Luglio,Ottobre
6444,"Asplenium seelosii",Specie,"Fg. minuscole, spesso anche in estate (ed allora con l'aspetto di {t66} in esemplari sofferenti) con picciuolo lungo 3-5 volte la lamina, che è ridotta a 3 segm. oblanceolati o lineari, acuti, dentellati (2 X 5-8 mm). Sori molto allungati: spore a fagiolo con spinule fitte.<br /><br /><div>W-Medit.mont.</div><div>Alpi Or. dalla V. Canale alle Dolomiti di Brenta: R; a N di Varese: RR.<br /><br />Seelos G. (1831-1911), ingegnere a Bressanone e naturalista.<br /><br />Bibl.: Becherer A., Bauhinia 2: 55-58 (1962).</div>",,6085609,2400,200,"Rupi stiilicidiose (dolom.).","2-10 cm","Pianta perenne erbacea",,"H ros",9923017,"Asplenio delle Dolomiti",,,Leybold,65,Giugno,Ottobre
6443,"Asplenium lepidum",Specie,"Fg.con picciuolo lungo circa quanto la lamina, questa triangolare, 2-pennatosetta, con pinnule (4x5 mm) cuneato-triango-lari o a ventaglio con 5-8 digitazioni, finem. pubescenti-ghiandolose. Sori lanceolati (0.3 X 1.5 mm).<br /><br />Orof.-SE-Eu-rop.<br />Alpi Venete, App. Centro - Merid. e Sic.:R.<br /><br /><strong>Nota</strong> - Si ibrida con <em>A. trichomanes</em> L. producendo due distinti risultati d'incrocio: con la subsp. {t54} (b) il triploide <em>A. X stiriacum</em> D. E. Meyer e con la subsp. 54 (c) il tetraploide <em>A. X aprutianum</em> Lovis, Meltzer et Reich-Stein, quest'ultimo è noto per l'Abr. (Gola del Sagittario pr. Scanno) e fa ritenere che tipi tetraploidi di {t54} esistano anche nell'It. Centr.; cfr. Lovis J. D., Meltzer H. und Reichstein T., Bauhinia 3: 87-101 (1966). L'ibrido {t66} (a) X {t67} (A. X javorkae Kiimmerle) è comune fra i parenti. I caratteristici peli ghiandolari, diffusi sul bordo, facce e peduncoli delle fg., sono ben visibili nel fresco, tendono a sparire in erbario.",bd0ecaabd0f039488b4f4a541b4439cd,,2300,600,"Rocce calc., stillicidiose.","3-10 cm","Pianta perenne erbacea",,"H ros",9923019,"Asplenio grazioso",,,Presl,67,Marzo,Ottobre
6442,"Asplenium adiantum-nigrum",Gruppo,"Specie caratterizzate da fg. a contorno triangolare, profondam. divise; le prime due sono molto simili e spesso si hanno difficoltà nella determinazione; più differenziata è la terza, anche per l'ecologia del tutto particolare (rocce serpentinose). <br /><br />Bibl: Shivas M. G., Brit. Fern Gaz. 9: 65-70(1962).",,,,,,,,,,,,,,,,,
6451,"Asplenium cuneifolium",Specie,"Più differenziata da {t61} e {t62} per il colore più pallido, le fg. più brevi e spesso con l'aspetto di un grande ruta-muraria.<br /><br /><div>Pianta del serpentino (Medioeurop.).</div><div>Alpi, App. Sett., Cors.: C, ma localizza-tissima.</div><div><br /><strong>Nota</strong> - A Nord della Pianura Padana è sp. molto rara e localizzata: Colli Euganei (non osservata di recente), Veron. pr. Marcellise, Collina di Lavagno, S. Giovanni Ilarione e M. Bolca; più diffusa nei Grigioni (Mühlen, Oberhalbstein, Wolfgang, Davos, Selfranga pr. Klosters). nel C. Tic. (Centovalli) ed ancora in V. Vigezzo e V. Cannobina.</div>",6f49587e0b2e64ef3467ffe902aa6188,6084308,1000,200,"Rupi serpentinose.","8-15 cm","Pianta perenne erbacea",,"H ros",9923015,"Asplenio del serpentino",,"( = A. serpentini Tausch)",Viv.,63,Maggio,Agosto
6450,"Asplenium onopteris",Specie,"Simile a {t61}, ma fg. 3pennatosette; pinne basali con nervatura incurvata (secondata), in cima dunque quasi parallela al rachide della fg.; spore generalm. 30-36 μ.<br /><br /><div>Subtrop.-nesicola.</div><div>Lig., Pen., Sic, Sard., Cors. ed Is. minori: C; piede merid. delle Alpi, Emilia: R.</div>",6afd01cf180168cc6cbc6eedd2ba9431,6085261,1500,0,"Leccete, rocce ombrose.","1-4 dm","Pianta perenne erbacea",,"H ros",9923014,"Asplenio maggiore",,,Linneo,62,Maggio,Agosto
6449,"Asplenium adiantum-nigrum",Specie,"Rz. breve, ramificato. Fg. con picciuolo lungo ½-⅗ del tot. e lamina 2 pennatosetta a contorno triangolare (3-7 X 7-15 cm); pinne basali completam. divise, con nervatura centrale diritta, patenti o eretto-patenti; pinnule partite o raram. divise in segm. lanceolati (3x6 mm), dentellati; spore 36-42 μ.<br /><br /><div>Paleotemp. e -subtrop.</div><div>In tutto il terr. nella fascia dei querceti caducifogli: C, altrove R.</div><div><br /><strong>Variab.</strong> - Le fg. hanno lamina generalm. più breve, raram. più lunga del picciuolo; il contorno è lanceolato (con pinnule pennatosette solo nelle pinne inf.) o più raram. ovale (con pinnule pennatosette anche nelle pinne sup. - passaggio a {t62}).</div>",8706f52fd7689c76cd25ac16c478a01f,597667,1700,0,"Rocce, muri, boschi (pref. silice).","1-3(4) dm.","Pianta perenne erbacea",,"H ros",9923013,"Asplenio adianto nero",,,Linneo,61,Luglio,Agosto
6441,"Asplenium billotii",Specie,"Simile a {t59}, ma pinne maggiori con 6-9 pinnule su ogni lato.<br /><br /><div>Atlant.</div><div>Cors.: C; Arcip. Tosc. e Napol., Is. Ponziane, Pantelleria, Sard.: R; sul continente solo in Lig. (Sestri Lev.) e C. Tic.</div><div><br />Biliot P. C. (1796-1863), fiorista francese.</div>",644c8f9e8dc58d8f27c86371e4c644db,6084063,600,0,"Rupi silicee.","1-2 dm.","Pianta perenne erbacea",,"H ros",9923012,"Asplenio lanceolato",,"(= A. lanceolatum Hudson)","F. Schultz",60,Marzo,Ottobre
6440,"Asplenium obovatum",Specie,"Simile a {t57}, ma fg. di 3-10 X 10-30 cm, quasi triangolari (pinnule inf. non o poco più brevi delle mediane); pinne maggiori con 5-7 pinnule su ogni lato; picciuolo bruno-purpureo, lucido; rachide nor-malm. bruna di sotto.<br /><br /><div>Steno-Medit. (baricentro orient).</div><div>Sard. e Cors.: C; Alpi Mariti., Lig.: RR; App. da Massa all'Aspromonte e Sic: R; indicata dal C Tic, ma per confus. con {t58}.</div><div><br /><strong>Nota</strong> - {t59} è un diploide con caratteri ancestrali, dal quale forse potrebbero esser derivate forme tetraploidi del gruppo {t57}-{60}. Cfr. Manton I. und Reichstein T., Bauhinìa 2: 79-91 (1962).</div>",429e6c0c0a1590a7da7168bfb73f6156,6083893,1000,0,"Rupi ombrose (silice).","1-2 dm.","Pianta perenne erbacea",,"H ros",9923011,"Asplenio obovato",,,Viv.,59,Marzo,Ottobre
6439,"Asplenium foresiense",Specie,"Simile a {t57}, ma fg. di 3-5 X 15-30 cm con rachide e picciuolo bruno-purpurei sul lato inf; pinnule con denti ottusi.<br /><br /><div>NW-Medit.-mont.</div><div>Laghi Lomb., Lig. Or., M. Pisano, Sard. e Cors.: RR.</div>",263291c7a6b3794258193be81ccf5064,6084571,1300,100,"Rocce stillicidiose (silice.).","1-2 dm.","Pianta perenne erbacea",,"H ros",9923010,"Asplenio foresiaco",,"( = A.foresiacum [Le Grand] Christ)","Le Grand",58,Marzo,Ottobre
6438,"Asplenium fontanum",Specie,"Rz. verticale, robusto. Fg. (1.5-4 X 10-22 cm) molto ristrette alla base, 2(3) pennate, con picciuolo bruno soltanto in basso, poi ± verde; rachide verde; pinnule lobate o partite con denti acuti.<br /><br /><div>NW-Medit.-mont.</div><div>Piem., Nizz., App. dalla Lig. all'Abr.: R.</div>",1a5e1c75e82243292ec3245d1490061e,11418065,1500,100,"Rupi ombrose (calc).","1-2 dm.","Pianta perenne erbacea",,"H ros",9923009,"Asplenio delle fonti",,,"(L.) Bernh.",57,Marzo,Ottobre
6437,"Asplenium fissum",Specie,"Fg. a contorno lanceolato, 3-4pennatosette con pinne inf. alterne, molto distanziate fra loro; pinnule divise in segm. cuneati, ciascuno a sua volta diviso in 2-3 laciniette lineari-furcate. Aspetto di {t75} (b), ma sori oblunghi.<br /><br />Orof.-SE-Europ.<br />Alpi Or. dalla Carnia all'Adige, A. Mariti., App. Abr. e Camp.: R; stazioni isolate sulle A. Apuane, Sibillini, Ernici, Pollino.<br /><br /><strong>Nota</strong> - {t68} presenta segm. con lamina pluristratificata, opaca; se la lamina è formata da un solo strato di cellule e traslucida, cfr. {t48}/b.",dcf7eab89617c6f2668600f668b38fe1,6084547,2400,600,"Rocce calcaree.","5-15 cm.","Pianta perenne erbacea",,"H ros",9923020,"Asplenio diviso",,,Kit.,68,Luglio,Settembre
6436,"Asplenium viride",Specie,"Fg. pennato-composte, gracili con 10-30 paia di pinne, queste ellittiche, cuneate alla base, di un verde chiaro, molli (4-5 mm ca.).<br /><br /><div>Circumbor.</div><div>Alpi: C; App. e Cors.: R; Pad: RR.</div><div><br /><strong>Variab.</strong> - Le pinne variano da intere a dentellate, crenate o profondam. incise (allora fg. quasi 2-pennatosette); la base della pinna è cuneata, talora ad angolo assai acuto.</div>",3bb7ed121b172cdf30629f20e7a3f568,597640,3000,100,"Rocce e muri; soprattutto calc. e serpentini.","5-15 cm","Pianta perenne erbacea",,"H ros",9923007,"Asplenio verde",,,Hudson,56,Maggio,Settembre
6435,"Asplenium adulterinum",Specie,"Simile a {t54}, ma pinne generalm. più strette alla base e giacenti su piani perpendicolari al rachide.<br /><br /><div>Pianta del Serpentino (Europ.).</div><div>Novar. a Stresa, in V. Vigezzo ed in V. Cannobina; C. Tic. a Bosco in V. Maggia e Centovalli; Grigiori allo Julier-Pass; RR.</div><div><br /><strong>Nota</strong> - {t55} è un allotetraploide derivato dall'incrocio {t54} (a) X {t56}, che dapprima produce un diploide effimero, il quale successivam. (attraverso la produzione di gameti diploidi) si stabilizza al livello tetraploide; la sua ecologia risulta alquanto differente da quella delle due specie parenti e caratterizzata dalla decisa preferenza per i substrati serpentinosi (dei quali tuttavia non è esclusivo). Cfr. Nardi E., Webbia, 26: 463-490 (1972), che riporta anche un'abbondante bibliografìa sui problemi di speciazione. Gli ibridi {t55} X {t56} (<em>A. X poscharskyanum</em> Preissmann e <em>A. X bechereri</em> D. E. Meyer) sono stati pure osservati nell'It. Sett.</div>",8469d3658a79185f6313c18499f179c3,489993,1500,300,"Rocce magnesitiche e serpentinose.","4-20 cm.","Pianta perenne erbacea",,"H ros",9923006,"Asplenio ibrido",,,Milde,55,Luglio,Agosto
6434,"Asplenium trichomanes",Specie,"Rz. breve. Fg. un poco coriacee, verde scure, pennato-composte a contorno lineare; pinne ovali o ellittiche, per lo più allargate alla base, giacenti sul medesimo piano del rachide.<br /><br /><div>Cosmop.-temp.</div><div>In tutto il terr.; Alpi e dorsale appenninica: C, nel resto: R.<br /><br /><strong>Variab.</strong> - Le pinne presentano aspetto assai variabile: di regola esse sono crenate, cuneate alla base e portano 3 sori su ogni lato; più raram. si osservano solo 1-2 sori, oppure la base è ± auricolata o astata, almeno su un lato; il margine raram. è dentato o inciso fino ad ⅓ ed oltre. Le subsp. (a) e (b) sono diploidi, la (c) tetraploide cfr. Lovis J. D., British Fern Gaz. 9: 147-160 (1964). Un incrocio fra le subsp. (a) e(c) è <em>A. X lusaticum</em> D. E. Meyer, Ber. Deutsch. Bot. Ges. 72: 37-48 (1959), triploide, abbastanza frequente quando i parenti crescono assieme, cioè soprattutto su rupi granitiche e muri. Nel C. Tic. è frequente e ben riconoscibile per le dimensioni gigantesche e le spore abortive. Quest'ibrido dovrebbe essere comune nell'It. Sett.</div>",bba8e8d83ec1517718507475f6569570,597642,3000,0,"Rocce e muri.","4-20 cm","Pianta perenne erbacea",,"H ros",9923005,"Asplenio tricomane",,,Linneo,54,Marzo,Ottobre
6448,"Asplenium trichomanes subsp. trichomanes",Specie,,,,,,,,,,,,,,,,,,
6447,"Asplenium trichomanes subsp. inexpectans",Specie,,,,,,,,,,,,,,,,,,
6446,"Asplenium trichomanes subsp. quadrivalens",Specie,,,,,,,,,,,,,,,,,,
6433,"Asplenium marinum",Specie,"Fg. grandi, robuste, con picciuolo breve e lamina pennato-composta a contorno lanceolato; pinne trapezoidali-falciformi, dentellate al margine.<br /><br />Atlant. - Sub: -Medit.<br />Sard. Sett., Cors., Arcip. Tosc, Malta e Pantelleria: R; anche al Circeo ed anticam. indicato da Taranto.",ca11b3748e4c3f4dd521132d8d3d740d,6085038,,,"Rocce e muri, soprattutto silice (lit.).","1-4 dm.","Pianta perenne erbacea",,"H ros",9923002,"Asplenio marino",,,Linneo,52,Giugno,Ottobre
6432,"Asplenium petrarchae",Specie,"Fg. gracili e delicate a contorno strettam. lanceolato, pennato-composte; pinne ovali, crenate o lobate con fitti peli ghiandolari.<br /><br /><div>Steno-Medit.-occid.</div><div><br />Nizz. e Riviera, Basil., Sic. pr. Palermo: RR; segnalato inoltre per Vis. Tino pr. Spezia, Palmarola pr. Gaeta, Salernit. ad Acquafredda ed in Sard., ma da verif.<br /><br />Specie dedicata a F. Petrarca (1304-1374), il celebre poeta aretino.</div>",70df17d65c5ef8cac6fea05ea6242d52,6084629,400,0,"Rupi, nella zona Medit. (calc).","3-15 cm","Pianta perenne erbacea",,"H ros",9923003,"Asplenio ghiandoloso",,,"(Guérin) DC.",53,Marzo,Ottobre
6431,"Asplenium germanicum",Specie,"Fg. a contorno triangolare, con picciuolo = lamina, pinne eretto-patenti lunghe fino a 15 mm ed alternatam. partite in segm. obcuneati terminanti cqn 2-3 dentelli e larghi fino a 1.5-2 mm.<br /><br /><div>Spore generalm. abortive.</div><div>Alpi: C; App. Sett.: RR.</div><div><br /><strong>Nota</strong> - Si presenta generalm. assieme a {t54} e {t64} e viene considerato ibrido fra i due, però un'ibridazione sperimentale non pare sia stata finora realizzata. Il numero cromosomico triploide potrebbe essere interpretato come il risultato di ibridazione fra {t54} (a) e {t64}. Ben più raro è l'ibrido tetrapolide <em>A. X heufleri</em> Reichardt (= <em>A. X baumgartneri</em> Dorfler), che viene interpretato come {t54} (c) X {t64}, e si distingue nettamente da {t64/b} per le pinne subopposte, meno divise, la colorazione bruna del picciuolo ed anche della parte inf. del rachide (spesso fino alla metà); esso è stato osservato nel C. Tic. presso Ascona.</div>",,46328745,1700,200,"Rupi, muri (silic).","5-20 cm","Pianta perenne erbacea",,"H ros",9923021,"Asplenio germanico",,"( = A. x alternifolium Wulfen; A. breynii Retz.)",Weis,64/b,,
6430,"Asplenium eberlei",Specie,"Aspetto intermedio fra {t65} e {t66} (b): picciuolo bruno alla base; lamina circa 1.3 X 2.5 cm, incompletam. divisa in 3-5 segm. rombici o ± cuneati; area centrale attorno al rachide indivisa, larga 2-4 mm; indusio sfrangiato; spore con perimetro a fagiolo ed aculei a forma di rughe ingrossate.<br /><br /><div>Endem.</div><div>Dolomiti: RR.</div><div><br /><strong>Nota</strong> - Scoperta di recente e subito interpretata come ibrida {t65} X {t66}; l'identificazione del tipo diploide {t66} (b) ha permesso la spiegazione dell'origine di questa specie: essa rappresenta un allotetraploide (2n = 144) formatosi in seguito all'ibridazione fra {t65} (2n = 72) e {t66} (b) che possiede lo stesso numero cromosomico. Non è nota l'esatta località di raccolta né l'altitudine di essa.<br /><br />Bibl.: Meyer, Ber. Dtsch. hot. Ges. 75: 29-32 (1962) et 80: 28-32 (1967).</div><div><br />Eberle G. (n. 1899) di Heidelberg, primo scopritore della specie.</div>",,,,,"Nelle fessure di rupi esposte a Sud.","3-6 cm.","Pianta perenne erbacea",,"H ros",9923022,"Asplenio di Eberle","Specie endemica",,"D. E. Meyer",65/b,Giugno,Agosto
6429,"Asplenium ruta-muraria",Specie,"Rz. breve. Fg. con picciuolo breve e lamina 2(3)pennatosetta a contorno irregolarm. triangolare; pinne portanti 1-3 pinnule (raram. più) di 2-4 mm, dentellate, variabilissime di forma ed aspetto. Sori 3-4 volte più lunghi che larghi. Spore subrotonde con rughe ramificate.<br /><br />Circumbor.<br />In tutto il terr.: C.<br /><br /><strong>Variab.</strong> - Le fg. hanno aspetto variabilissimo come forma delle pinnule (romboidee, cuneate, ellittiche, lanceolate, acuminate), margine delle stesse (intero, crenato, denticolato, dentato o laciniato), lunghezza del rachide (5-15, raram. fino a 25 cm). Per un'analisi di dettaglio cfr. A. Fiori, Fl. Ital. Crypu V: 195, oppure V. H. Christ, Hedwigia 42: 153-177 (1903), però è improbabile che sui caratteri sopra indicati si possano fondare entità tassonomiche di qualche valore; in casi estremi i limiti verso {t63},{t64}. bis e {t67} sono assai confusi. La specie è verosimilm. costituita da un complesso di tipi diploidi (subsp. b) relitti e tipi tetraploidi (subsp. a) con ampia distribuzione - cfr. Lovis J. D. and Reichstein T., British Fern Gaz. 9: 141-146 (1964). Le misure microscopiche fornite nelle diagnosi delle due subsp. sono quelle medie; il campo di variabilità della subsp. (b) è per gli stomi 37-66 X 31-46 μ, per le spore 41-60 X 33-46 μ; nella subsp. (b) si hanno stomi di 35-56 X 27-38 μ e spore di 34-54 X 25-42 μ.",852ab6161688af7e0c635ee86f5a3e49,595060,2400,0,"Rupi, muri pref. calc.","5-15 cm","Pianta perenne erbacea",,"H ros",9923018,"Asplenio ruta di muro",,,Linneo,66,Giugno,Ottobre
6453,"Asplenium ruta-muraria subsp. dolomiticum",Specie,,,,,,,,,,,,,,,,,,
6452,"Asplenium ruta-muraria subsp. ruta-muraria",Specie,,,,,,,,,,,,,,,,,,
6399,"Woodwardia radicans",Specie,"Fg. con picciuolo nudo lungo quasi quanto la lamina, questa triangolare o lanceolata; pinne lunghe 1-3 dm, incompletam. divise in pinnule falciformi, denticolate; pinne sup. confluenti, talora bulbillifere. Sori lineari-ellittici, disposti lungo le nervature principali.<br /><br /><div>Boreosubtrop.</div><div>Ischia, Pen. Sorrentina, Cal. e Sic: RR.</div><div><br /><strong>Nota</strong> - 96 è uno dei più tipici relitti di una flora tropicalmontana, che nel Terziario caratterizzava la Penisola. Ha potuto mantenersi in pochi punti del Meridione, qui però essa ricrea una vegetazione lussureggiante, ricca di Felci. Nella penombra umida dei burroni le fronde di {t96} crescono fino a raggiungere la parete opposta, e quando toccano un po' di terriccio o di incrostazione tufacea stillicidiosa il rachide fogliare produce punti vegetativi avventizi, che formano nuove piantule, con un proprio apparato radicale, ed una fronda alta 1-2 m: in questo modo la sp. si propaga per via vegetativa.</div>",0930409187c689fde7415b76831ad68d,484197,600,0,"Forre umide e grotte nella zona medit.","3-30 dm","Pianta perenne erbacea",,"H ros",9938001,"Felce bulbifera",,,"(L.) Sm.",96,Febbraio,Settembre
6398,Phyllitis,Genere,,,,,,,,,,,,Scolopendria,,,Hill,,,
6458,"Phyllitis hybrida",Specie,"Intermedio fra {t70} e {t72}; fg. molto variabili con lamina irregolarm. laciniata.<br /><br />Noto solam. per le Is. dalmate da Lussino ad Arbe; da ricercare dove le due sp. vengano in contatto.<br /><br />Bibl.: Martinoli G., Cacologia 5: 178-191 (1953).",086c6a843409da2e8532ed532781aca4,,,,,,,,"H ros",9926003,"Scolopendria ibrida",,,"(Milde) C. Chr.",72/b,,
6457,"Phyllitis hemionitis",Specie,"Fg. simili a quelle dell'Edera, ma assai variabili; picciuolo lungo al max. quanto la lamina. Sori lineari addensati lunghi fino a 14 mm.<br /><br />S-Medit. (Steno-).<br />App. Sett., Nizz., Pen., Sic, Sard. e Cors.: R.<br /><br /><strong>Osserv.</strong> - Segnalata più volte sulle Alpi Orient (Cividalese, Vicentino), ma probabilm. per confus. con individui ridotti di {t71}.",68bbccd83da5f2c1a2aa51972c4199ec,6085555,300,0,"Rocce umide, ombrose.","1-3 dm","Pianta perenne erbacea",,"H ros",9926002,"Scolopendria emionitide",,"( = Ph. hemionitis [Lag.] O. Kuntze;    Scolopendrium hemionitis Swartz)","(DC.) Guinea et Heywood",72,Gennaio,Dicembre
6456,"Phyllitis scolopendrium",Specie,"Fg. con picciuolo di 1-2 dm, coperto da un denso feltro di lacinie scariose; lamina intera di 4-5 X 30-40 cm con base cuoriforme ed apice acuto. Sori lineari, obliqui 2 X 20 mm.<br /><br />Circumbor.-temp.<br />Alpi, Pad., Pen., Sic., Sard. e Cors.: C.<br /><br /><strong>Nota</strong> - Sono descritte, soprattutto su materiale coltivato, numerose forme e stati teratologici, probabilm. derivati dalle condizioni di crescita e sprovvisti di reale valore tassonomico.",17c005d56cbc10dbde75720b147d5b9c,594778,1000,0,"Umbrofila ed igrofila: boschi umidi, pozzi, caverne, soprattutto calc.","4-6 dm","Pianta perenne erbacea",,"H ros",9926001,"Scolopendria comune",,"(= Scolopendrium officinale Swartz; Sc. vulgare Sm.)","(L.) Newman",71,Gennaio,Dicembre
6397,"Anogramma leptophylla",Specie,"Fg. con lamina &gt; picciuolo, lanceolata o triangolare (1-2 X 3-7 cm), delicata, 2-4 pennatosetta, glabra o quasi; segm. d'ultimo ordine obovati o flabellati. Sori oblunghi, alla fine confluenti.<br /><br />Cosmopol.-subtropic.<br />Alpi Occid. (dall'Ossola e V. Aosta al mare), App. Sett., Pen., Sic, Sard., Cors. ed Is. minori: R; anche sui C. Euganei, pr. Merano e C. Tic.",1043f71fa2452311cea5f5170cb0a25c,6107587,1000,0,"Muri ombrosi e fessure.","5-15 cm.",,Annuale,"T caesp",9915001,"Felcetta annuale",,"(= Gymnogramma lept. Desv.)","(L.) Link",46,Marzo,Aprile
6396,Dryopteris,Genere,,7913b63dc4d65879bb85bf9ca6f1c8d6,60837,,,,,,,,,Felce,,,Adanson,,,
6477,"Dryopteris carthusiana",Gruppo,"Complesso di stirpi collegate da un comune aspetto generale: le fronde hanno contorno triangolare e sono 3-4 pennatosette, in quanto le pinnule sono completam. o quasi completam. divise, almeno quelle inf. delle pinne basali. {t91} e {t92} sono tetraploidi: recentem. è stata individuata anche una stirpe diploide (<em>D. expansa</em> [Presl.] Fr.-Jenk.), che è segnalata sulle Alpi anche pr. i nostri confini (Bassa Engadina); essa si distingue da {t92} per la lamina più chiara, le pinne più allungate e sottili, più finem. pennate e con pinnula inf. lunga per lo più almeno la metà dell'intera pinna; inoltre per le spore con tubercoli lunghi 1-2 µ, acuti anziché ottusi, e forse coincide con la var. alpina (Moore), segnalata anche da noi. Per una trattazione dettagliata di questo gruppo cfr. Widén, Sarvela and Ahti, Acta Bot. Fennica 11: 1-24 (1967).",,,,,,,,,,,,,,,,,
6485,"Dryopteris carthusiana",Specie,"Picciuolo con squame abbondanti, lungo circa quanto la lamina, questa triangolare (5-20 X 15-40 cm), verde-pallido, molle; pinnule per lo più completam. divise in lacinie acute, a loro volta dentate o partite. Sori subrotondi (0.5-1 mm).<br /><br /><div>Circumbor.</div><div>Alpi, App. Sett. e Cors.: R; segnalata anche sui M. Sibillini, in Basil., e Cal.<br /><br /></div><div><strong>Confus.</strong> - con {t77} (cfr.).</div>",d45a3c50489bd6d47a65672306bd7d1e,489726,2200,200,"Terreni umido-torbosi, boschi (silice).","3-5 dm","Pianta perenne erbacea",,"G rhiz",9934006,"Felce certosina",,"(= D. spinulosa Watt)","(Vill.) H. P. Fuchs",91,Luglio,Settembre
6484,"Dryopteris dilatata",Specie,"Simile a {t91}, ma fg. più completam. divise; sori maggiori, generalm. 1 mm.<br /><br /><div>Circumbor.</div><div>Alpi, App. Sett. e Cors.: C; segnalato ancora sui M. Sibillini, pr. Anagni e sul M. Alburno.</div>",c709da3c7f256e4f8464f8af92411f55,6100802,2400,200,"Boschi di conifere e brughiere subalp.","5-30 cm","Pianta perenne erbacea",,"G rhiz",9934007,,,"(= D. austriaca [Jacq.] Woynar sensu stricto)","(Hoffm.) A. Gray",92,Luglio,Settembre
6476,"Dryopteris villarii",Specie,"Piante con ghiandole giallastre sparse (!). Fg. con picciuolo lungo ⅔ della lamina, questa 2(3)-pennatosetta a contorno lanceolato (5-20 x 15-40 cm); pinne inf. inserite ad angolo retto.<br /><br /><strong>Nota</strong> - Complesso di stirpi diploidi e tetraploidi, che secondo Nardi E., Webbia 30(1): 3-22 (1976) vanno considerati specie distinte. In questo gr. rientra pure <em>D. submontana</em> Fr.-Jenk.<br /><br />Villars D. (Villar) (1745-1814), autore di un'importante Flora del Delfinato.",b8bd84231f8a6ed41cae4a5b9cc8734c,6100147,,,"Sulle pietre, pref. calc.","2-13 dm","Pianta perenne erbacea",,"G rhiz",9934004,"Felce di di Villars",,"( = Polystichum rigidum [Swartz] DC.)","(Bellardi) Woynar",89,Luglio,Settembre
6483,"Dryopteris villarii subsp. pallida",Specie,,,,,,,,,,,,,,,,,,
6482,"Dryopteris villarii subsp. villarii",Specie,,,,,,,,,,,,,,,,,,
6475,"Dryopteris cristata",Specie,"Simile a {t86}, ma rz. gracile; fg. sterili di 1-5 dm, le fertili maggiori; pinne largam. triangolari; pinnule dentellate.<br /><br /><div>Subartico-alp. (Euro-Amer.).</div><div>Alpi: RR.</div><div><br /><strong>Osserv.</strong> - Segnalata nel Bellunese in V. Vescovà, M. Baldo, Trent. in V. Bresimo, Bergam., M. d'Oropa, V. Aosta a Tavagnasco, Lig. sopra Bardineto e sul Carso Triest. (oggi in terr. jugoslavo), però è possibile che queste segnalazioni si riferiscano, almeno in parte, ad individui ridotti di {t86}.</div>",ed6a19b63d8297fff5ea0762943c4110,597460,1500,800,"Boschi, suoli torbosi.","5-12 dm.","Pianta perenne erbacea",,"G rhiz",9934005,"Felce pettinata",,,"(L.) A. Gray",90,Maggio,Ottobre
6474,"Dryopteris filix-mas",Gruppo,"Questa e le tre seguenti formano un gruppo di specie strettamente correlate e di aspetto poco differente. {t87} è un complesso di ceppi apogami di- e triploidi; {t88} è diploide; {t86} è un allotetraploide il cui genotipo è formato per una parte da {t88}, per l'altra da un partner diploide, probabilmente D. caucasico (A. Br.) Fraser-Jenkins et Corley. Individui tetra- e pentaploidi simili a {t87} sono l'ibrido (generalm. apogamo, raram. fertile) fra {t86} e {t87} (<em>X D tavelii</em> Rothm.).<br />In natura il tipo più comune è {t86}, che presenta pinnule generalm. ristrette verso l'apice e per lo più chiaram. dentate sul bordo; i sori sono relativam. spianati e l'indusio pure, non avvolgente; {t64} spore ben sviluppate in ogni sporangio, lunghe 32-42 µ. {t87} si distingue per avere pinnule con margini quasi paralleli e interi o raram. un po' dentellati, all'apice ottusi e troncati o dentati; l'indusio avvolge il soro; in ciascun sporangio non oltre 32 spore completam. sviluppate, lunghe 36-45 µ nel tipo diploide, nel triploide 40-54 µ.<br />{t88} può avere fg. lunghe fino a 80 cm, e presenta spesso fino a 4-6 sori su ciascun lato delle pinnule (cioè fino a 12 sori per pinnula) a volte anche più (cfr. Reichstein, Bauhinia 2: 95-113, 1962). Le pinnule hanno pure un aspetto caratteristico, perché nel fresco generalm. risultano un po' ruotate verso l'alto. {t88} cresce sempre in stazioni aperte, mai nel bosco, ha distribuzione molto localizzata, però in generale si presenta in popolazioni numerose.",,,,,,,,,,,,,,,,,
6481,"Dryopteris filix-mas",Specie,"Rz. legnoso (1-1.5 cm), avvolto da squame brune lignificate. Fg. con picciuolo breve riccam. provvisto di squame ferruginee e lamina 2-pennatosetta a contorno oblan-ceolato (5-20 X 30-90 cm); pinnule oblunghe dentellate, raram. lobate, alla base confluenti. Sori subrotondi 1.2-2 mm; spore (36)40-46 µ.<br /><br />Subcosmop.<br />Alpi, App. Sen., Cors.: C; Pad., App. Centro-Merid., Sic. e Sard.: R.<br /><br /><strong>Variab.</strong> - Le pinne sono incompletam. divise, avendo margine strettam. decorrente lungo il rachide e sono intere o appena dentellate sui margini, dentate all'apice, però abbastanza variabili; si presentano raram. con pinnule del tutto divise oppure margine ± profondam. dentato.",defdb76e9ccea9698f51323a62a1f76a,597373,2300,0,Boschi.,"3-10 dm","Pianta perenne erbacea",,"G rhiz",9934001,"Felce maschio",,"(= Polystichum f.-m. Roth; Nephrodium f.-m. Strempel)","(L.) Schott",86,Luglio,Ottobre
6480,"Dryopteris oreades",Specie,"Simile a {t86}, ma lamina più decisam. oblanceolata; pinne abbreviate con lobi larghi, ovali-ottusi, poco numerosi. Sori 1 mm; spore (30)32-36(40) µ.<br /><br />Atlant.<br />App. Moden. pr. Pievepelago al Lago Santo; Elba sul M. Capanne: RR. Segnalata in V. d Aosta, ma forse per con-fus. con 86. - Bibl.: Reichstein T., Bauhinia 2: 95-113 (1962).",1a5e19f1c292a8dafb979068353ebfed,6099595,1500,1000,"Rupi, massi, fessure.","1-8 dm.","Pianta perenne erbacea",,"G rhiz",9934003,"Felce abbreviata",,"( = D. abbreviata [DC] Newman)",Fomin,88,Luglio,Settembre
6479,"Dryopteris tyrrhena",Specie,"Simile a {t86}, ma fg. con largh. max. poco al di sotto della metà; sori 1 mm; spore (35)38-42 µ.<br /><br />Subendem. (anche nella Spagna Merid.).<br />Lig. pr. Riomaggiore, Arcip. Tosc, Sard. sul Gennargentu e Cors.: R.<br /><br />Bibl.: Fraser-Jenkins C. R. e Reichstein l., FernGaz. 11: 177-198 (1975).",cb8e60c425a9e0f7e49581770c68e4da,,2000,0,"Rupi, fessure.","1-5(6) dm.","Pianta perenne erbacea",,"G rhiz",9934011,"Felce tirrenica","Specie endemica","(= Aspidium nevadense Boiss.)","Fr.-Jenk. et Reichst.",88/b,Luglio,Settembre
6478,"Dryopteris affinis",Specie,"Simile ad {t86}, ma fg. persistenti d'inverno; pinnule, almeno le inf, inserite perpendicolarm. sul rachide; sori piccoli, alla fine non confluenti.<br /><br />Subtrop.<br />Alpi, App. Pav., Arcip. Tosc, Sic, Cors.: R.<br /><br />Borrer W. (1781-1842) lichenologo inglese.",522d11cdb34abf4a2b7a0ba4160b8b9e,6098626,1700,300,Boschi.,"3-10 dm.","Pianta perenne erbacea",,"G rhiz",9934002,"Felce pelosa",,"( = D. borreri Newman; D. paleacea [Don] Hand.-Mazz.; D. pseudomas [Wollaston] Holub)","(Lowe) Fr.-Jenk.",87,Luglio,Settembre
6395,Thelypteris,Genere,,,37446,,,,,,,,,Felce,,,Schmidel,,,
6428,"Thelypteris palustris",Specie,"Simile a {t49}, ma rz. gracile (2-3 mm); fg. brevem. (ultime 2-4 pinne) ristrette alla base, a contorno lanceolato; sori equidistanti dal margine e dalla nervatura centrale, alla fine ricoperti dal margine revoluto.<br /><br />Subcosmop.<br />Alpi ed App. Sett.: C; Pad., Umbria, Lazio e Cors. : R; Basil. (?).",ea78d10e9736cb2f5da8294c6ccb6eb2,597735,1400,0,"Paludi e boschi umidi.","2-8 dm.","Pianta perenne erbacea",,"G rhiz",9921002,"Felce palustre",,"(= Dryopteris thelypteris [L.] A. Gray; Lastrea th. Bory; Nephrodium th. Strempel; Polystichum th. Roth)",Schott,50,Luglio,Settembre
6427,"Thelypteris limbosperma",Specie,"Rz. legnoso grosso (1 cm) con squame brune. Fg. 2(3) pennatosette lungam. (ultime 5-10 pinne) ristrette alla base a contorno oblanceolato; pinne pennato-partite con pinnule intere o crenulate. Sori avvicinati al. margine che è piano o leggerne revoluto; indusio reniforme precocem. caduco.<br /><br />Circumbor.<br />Alpi: C; Pad., App. Lig., Alpi Apuane, Versilia, Cors.: R dubbia in Abr.<br /><br /><strong>Variab.</strong> - Le pinnule hanno lamina di regola intera od oscuram. lobata, raram. incisa (fg. incompletam. 3 pennatosette).",7850146cf15b8a3bd301da3fa8bd1fab,6099362,2000,0,"Boschi umidi, acidof.","3-10 dm","Pianta perenne erbacea",,"G rhiz",9921001,"Felce montana",,"(= Dryopteris oreopteris [Ehrh.] Maxon; Lastrea or. Bory; Nephrodium or. Desv.; Polystichum or. DC; Oreopteris limb. Holub)","(All.) H. P. Fuchs",49,Luglio,Settembre
6394,Cystopteris,Genere,"Bibl: Blasdell R. F., Mem. Torrey Bot. Club 21, n°4(1963).",d009a744688cf25fceb3abe6e893a1aa,,,,,,,,,,Felcetta,,,Bernh.,,,
6463,"Cystopteris montana",Specie,"Rz. orizzontale allungato, filiforme (1-2 mm). Fg. isolate, con picciuolo di 10-20 cm e lamina 3angolare (6-10 X 5-9 cm), 3-pennatosetta, verde-scura, ± orizzontale; pinne basali sviluppate quasi quanto il resto della lamina. Sori 0.5-0.7 mm.<br /><br />(Circum-) Artico-alp.<br />Alpi, dalla Carnia alla Lig.: R; App. Sett.: RR.<br /><br /><strong>Confus.</strong> - con {t91}, che spesso vive a poca distanza; però {t77} ha fg. di un verde scuro, con segm. basali molto (1.4-2 volte) più lunghi dei successivi, e picciuolo lungo circa il doppio della lamina, segm. di 3° ordine divisi fin quasi al rachide e portanti di sotto peli biancastri di 0.5 mm, mentre {t91} presenta fg. verde-chiare, con segm. basali poco (1.1-1.2 volte) più lunghi dei successivi, picciuolo lungo quanto la lamina, segm. di 3° ordine solamente dentati, portanti di sotto squame ferruginee simili a quelle del picciuolo, ma lineari e lunghe 1-2 mm. Anche i sori sono differenti; inoltre {t91} di regola ha dimensioni molto maggiori.",3da0bc05a3f4de83088e0c6cf1a2ed08,600380,2000,1000,"Boschi di conifere, pendii franosi (pref. calc).","15-25(40) cm","Pianta perenne erbacea",,"H caesp",9929003,"Felcetta montana",,,"(Lam.) Desv.",77,Giugno,Settembre
6462,"Cystopteris dickieana",Specie,"Simile a {t75}, ma fg. più opache e tendenti al bruno; pinne e pinnule ricoprentisi sui bordi.<br /><br />Subcosmop.<br />Alpi in V. Passiria e V. d'Aosta; Sic. sull'Etna e Madonie, Sard. sui M. Limbara, Ortobene e Gennargentu: RR.<br /><br />Dickie G. (sec. XIX), botanico ad Aberdeen.",7c99cd656b3ebf452e9104c79c84a6b0,29365205,3000,0,"Sfasciume granitico.","1-4 dm","Pianta perenne erbacea",,"H caesp",9929002,"Felcetta dickieana",,,"R. Sim",76,Giugno,Agosto
6461,"Cystopteris fragilis",Specie,"Rz. breve, grosso (5 mm), coperto di squame membranacee. Fg. formanti un ciuffo denso; picciuolo &lt; lamina, questa 2-4-pennatosetta, verde, un po' coriacea. Sori circolari.<br /><br />Cosmop.<br />In tutto il terr., sui monti: C; Pad.: R.<br /><br /><strong>Variab.</strong> - La subsp. (a) mostra un elevato polimorfismo: i segm. d'ultimo ordine hanno denti ottusi, acuti o arrotondati; la lamina è in generale 2-3-penatosetta, raram. ancor più suddivisa oppure in piante ridotte semplicem. pennatosetta. Come recentem. ; verificato (Reichstein in litt.) si tratta di un complesso di tipi tetra- ed esaploidi (fra i quali compare regolarm. anche l'ibrido sterile pentaploide) ai quali si può aggiungere anche l'ottoploide, scoperto da poco: essi risultano praticam. indistinguibili senza uno studio citologico. La distinzione rispetto a {t76} (che ha pure tipi 4n e 6n) è possibile solo attraverso l'esame microscopico delle spore. La subsp. (b) è sempre 6n e si ibrida raram. con la subsp. (a); venne un tempo considerata l'ibrido stabilizzato fra {t75} (a) e {t77} (che è 4n), ma questo sembra, dal punto di vista dei numeri cromosomici, poco probabile. Piante con indusio ghiandoloso sono state osservate in Abr., Sic. e Cors. ed identificate con <em>C. diaphana</em> (Bory) Blasdell (= C. frag. subsp. diaphana Litard.; C. canariensis Presi), ma questa è una felce tropicale il cui valore specifico è dubbio, e che probabilm. va esclusa dalla nostra flora. Maggior significato ha la var. huteri (Hausmann) Milde, con peli ghiandolari sul rachide e margine fogliare, segnalata sulle Dolomiti.",c24a379d2548e7a63be326cfa392c0ba,600384,3000,100,"Rupi (soprattutto calc.) e stillicidi.","1-4 dm.","Pianta perenne erbacea",,"H caesp",9929001,"Felcetta fragile",,"(incl. C. alpina [Roth] Desv. e C. regia [L.] Desv.)","(L.) Bernh.",75,Maggio,Settembre
6466,"Cystopteris fragilis subsp. alpina",Specie,,,,,,,,,,,,,,,,,,
6465,"Cystopteris fragilis subsp. diaphana",Specie,,,,,,,,,,,,,,,,,,
6464,"Cystopteris fragilis subsp. fragilis",Specie,,,,,,,,,,,,,,,,,,
6393,Polystichum,Genere,,68d669ff3eb1a74bb12b7e2ba312de6c,38339,,,,,,,,,Felce,,,Roth,,,
6473,"Polystichum braunii",Specie,"Simile a {t83}, ma fg. più molli, disseccate d'inverno, sulla pag. sup. con peli (squame lineari ialine) molli; pinnule quasi rombiche, dentellate, raram. pennatifide.<br /><br />Circumbor.<br />Alpi e rilievi prealpini dal Friuli alla Lig.: R.<br /><br /><strong>Nota</strong> - Specie tetraploide, che probabilm. rappresenta un tipo relitto in Europa molto isolato.<br /><br /><strong>Ibridi</strong> - Relativam. comuni, ovunque i parenti crescano assieme sono gli ibridi <em>P. X illyricum</em> (Borbàs) Hahne ({t82} X {t83}), <em>P. X bicknellii</em> (Christ) Hahne ({t83} X {t84}) e <em>P. X lursseni</em> (Dórfler) Hahne ({t83} X {t85}).<br /><br />Braun A. (1805-1877), professore di Botanica a Berlino, morfologo e sistematico insigne.",b338d712e18684173b2507cf0700380b,400964,2000,500,"Boschi, soprattutto di Faggio ed Abete bianco.","3-8 dm.","Pianta perenne erbacea",,"G rhiz",9933004,"Felce di Braun",,"(= Aspidium br. Spenner; Dryopteris br. Underw.)","(Spenner) Fée",85,Luglio,Settembre
6472,"Polystichum aculeatum",Specie,"Rz. grosso, squamoso, bruno. Fg. con picciuolo breve interam. coperto da squame rossastre e lamina lineare-lan-ceolata (5-20 X 30-70 cm), coriacea, lucida di sopra; pinnule ovali asimmetriche, acutam. dentate.<br /><br />Eurasiat.<br />Alpi, It. Centr.: C; Pad., App. Merid., Sic, Sard, e Cors.: R.<br /><br /><strong>Variab.</strong> - Tipicam. la sp. si presenta con rachide ± ricca di squame e lamina coriacea, larga 7-20 cm; le pinnule sono lunghe 8-15 mm; la var. aristatum (Christ) Lawalrée ha rachide decisam. squamosa, lamina molle, larga 4-8 cm e pinnule lunghe 5 mm o poco più. Uno stato giovanile o patologico con pinne indivise è noto come fo. plukenetii (Loisel.) Fiori. Il binomio di Hudson si riferisce ad un ibrido.",cbb9ac4e2480129c53a99a37de35535d,6086987,2000,0,"Rocce e boscaglie.","3-8 dm","Pianta perenne erbacea",,"G rhiz",9933002,"Felce aculeata",,"(= Dryopteris acul. O. Kuntze; P. lobatum [Hudson] Chevall.)","(L.) Roth",83,Giugno,Agosto
6471,"Polystichum setiferum",Specie,"Simile a {t83}, ma fg. a contorno triangolare-allungato, raggiungenti la max. larghezza in ¼ inf.; pinnule con denti profondi, acuti e mucronati.<br /><br />Circumbor.<br />Alpi, It. Centr.: C; App. Merid., Sic, Sard. e Cors.: R.<br /><br /><strong>Variab.</strong> - Comunem. le fg. sono lunghe 2-10 dm ed hanno pinnule appena dentellate di 5 X 8 mm al max; eccezionalm. piante ridotte hanno margine quasi intero, piante lussureggianti, pinnule di 5-7 X 10-20 mm, le inf. lobato-incise.",b8ad1b714e8c54cf9c0f54352f7275e2,6100676,2000,0,"Boschi umidi (silice).","3-8 dm.","Pianta perenne erbacea",,"G rhiz",9933003,"Felce setifera",,"( = P. aculeatum var. setiferum Fiori; P. angulare [Kit.] C. Presi; Dryopteris se-tifera Woynar; Dr. aculeata subsp. angularis Schinz et Thell.)","(Forsskàl) Woynar",84,Giugno,Agosto
6470,"Polystichum lonchitis",Specie,"Rz. grosso (1 cm) avvolto da squame brune. Fg. coni picciuolo subnullo, lamina a contorno lineare-lanceolato, pinne falciformi auricola te alla base e ± ricoprentisi sui bordi.<br /><br />Circumbor.<br />Alpi, App. Sett.: C; App. Centro-Merid. e Cors.: R.<br /><br /><strong>Confus.</strong> - Con la fo. plukenetii di {t83}! - Cfr. Geisenheyner, Ber. Deutsch. Bot. Ges., 18 (1900); Lurssen, ibid. 19(1901).<br /><br /><strong>Variab.</strong> - La lamina sul bordo ha denti o dentelli, generalm. aristati; in esempi, molto sviluppati si osservano lamine di 5 dm e più con pinne alla base auricolate su entrambi i lati.",fdb6992196b2e646c3d980c92a8d0939,492425,2700,300,"Boschi e pietraie.","2-5 dm.","Pianta perenne erbacea",,"G rhiz",9933001,"Felce lonchite",,"(= Aspidium lonch. Swartz; Dryopteris lonch. O. Kuntze)","(L.) Roth",82,Giugno,Agosto
6392,Polypodium,Genere,"<div>Bibl: Shivas M C Journ Linn. Soc. London 58: 13-38 (1961); id., Brit. Fern Gaz. 9: 65-70</div><div><br />Le forme europee di questo genere, trattate unitariam. fino ad ora, sono state recentem smembrate in 3 specie ({t97}, {t98} e {t99}), rispettivam. di-, tetra- ed esaploidi. Nella presente trattazione è stata seguita la sistemazione di Shivas (cfr. anche Valentine, Fl. Europ 123) che identifica <em>P. australe</em> Fée con <em>P. serratum</em> (Willd.) Sauter e con le popolaz. diploidi. Hess e Landolt (Fl. d. Schw. 1:105) riferiscono invece a <em>P. serratum</em> (Willd.) Sauter le popolaz. esaploidi e considerano <em>P. australe</em> Fée identico a <em>P. virginianum</em> L. del N-Amer.; secondo questi AA. le sp. {t97}-{t99} sono dunque da nominare: <em>P. vìrginianum</em> L.; <em>P. vulgare</em> L.; <em>P. serratum</em> (Willd.) Sauter, però questa sistemazione sembra insostenibile alla luce delle attuali conoscenze. Per la trattazione che segue è stato utilizzato anche materiale di Nardi E. e Tommei A. (Webbia 30: 219-256, 1976), che qui si ringraziano.</div>",004c3ddd243ce7a2f3e8d1993449393c,24180,,,,,,,,,Polipodio,,,Linneo,,,
6490,"Polypodium interjectum",Specie,"Simile a {t98}, ma fg. spesso a contorno più sottile; pinne quasi sempre acute, il paio basale diretto in avanti.<br /><br /><div>Paleotrop.</div><div><br />Lig. e Pen. (soprattutto sul versante occid.) fino all'Aspromonte, Sic. Sett.: R; anche nel Triest., Carnia ed Abr.</div>",340f0756a3e142f25963208de75c6b3c,6113719,1000,0,"Rupi, muri ombrosi.","2-3 dm","Pianta perenne erbacea",,"H ros",9939003,"Polipodio sottile",,,Shivas,99,Marzo,Settembre
6489,"Polypodium vulgare",Specie,"Rz. filiforme (3 mm), con squame lunghe 3-6 mm, ramificato, di gusto dolciastro. Fg. con picciuolo breve e lamina pennato-partita a contorno lanceolato (4-9 X 10-25 cm); pinne intere, alla base confluenti, di sotto con 2 linee di sori circolari color giallo oro, in seguito ferruginei. Parafisi assenti.<br /><br /><div>Circumbor.</div><div>Alpi ed App. Sett.: C; App. Centr. fino all'Abr.: R.</div><div><br /><strong>Variab.</strong> - Le pinne sono nastriformi, con margini ± paralleli e bruscam. appuntite all'apice, oppure triangolari; l'apice varia da acuto a ± ottuso o arrotondato.</div>",861d69a20ac447572dc896c18884900b,11416675,2400,0,"Boschi, muri, anche arboricola.","2-3 dm","Pianta perenne erbacea",,"H ros",9939002,"Polipodio comune; Felce dolce",,,Linneo,98,Marzo,Settembre
6488,"Polypodium australe",Specie,"Simile a {t98}, ma fg. a contorno triangolare; rz. con squame lunghe 5-11 mm; annulus di 6-8 cellule.<br /><br /><div>Euri-Medit.</div><div>Lig., Pen. (verso N fino alla Romagna pr. Faenza, Firenze, M. Pisano, Carrara), Sic, Sard., Cors. ed Is. vicine: C; catene merid. delle Alpi: R.<br /><br /></div><div><strong>Variab.</strong> - Le pinne sono serrulate o incise sui margini; assai raram. si hanno pinne profondam. incise, spesso ramificato-flabellate all'apice ( = var. cambricum Willd.).</div>",9f5734058a60a53ee0cf30b0798ebcc4,1245247,1600,0,"Boschi, muri.","2-3 dm","Pianta perenne erbacea",,"H ros",9939001,"Polipodio meridionale",,"( = P. vulgare var. serratum Willd.)",Fée,97,Febbraio,Giugno
6391,"Phegopteris polypodioides",Specie,"Rz. orizzontale gracile (2-4 mm) nerastro. Fg. 2 pennatosette con picciuolo lungo fino al doppio della lamina, questa triangolare (3-6 X 8-15 cm), di un verde-giallastro e spesso pubescente; pinnule crenate. Sori privi di indusio, marginali.<br /><br />Circumbor.<br />Alpi, App. Sett., Cors.: C; Pad. RR.",26954126e0a4713dd9b8d0a22aeefa90,46323506,2400,100,"Boschi e pietraie.","1 -3 dm","Pianta perenne erbacea",,"G rhiz",9921901,"Felce dei Faggi",,"(= Polypodiumpheg. L.; Dryopterispheg. C. Chr.; Lastrea pheg. Bory; Nephrodium pheg. Prantl; Thelypteris pheg. Slosson)",Fée,,Giugno,Settembre
6390,Gymnocarpium,Genere,,d77f5d7533ba8887a0a36bd8b6e1d223,60840,,,,,,,,,,,,,,,
6487,"Gymnocarpium dryopteris",Specie,"Rz. filiforme, nerastro, gracile, orizz. Fg. con lamina flaccida e delicata di un verde chiaro senza peli ghiandolosi, contorno triangolare (7-13 X 6-12 cm); pinne inf. spesso più grandi del resto della fg.; pinnule profondarci, incise (quindi lamina incompletam. 3-pennatosetta); picciuolo &gt; lamina nero, lucido.<br /><br /><div>Circumbor.</div><div>Alpi, App. Sett., Cors.: C; App. Laz. ed Abr.: R.</div><div><br /><strong>Nota</strong> - Questa specie e la successiva sono abbastanza debolm. distinte, e nelle popolazioni naturali si incontrano spesso individui di difficile attribuzione. Il carattere distintivo più sicuro è dato dai peli ghiandolari, sempre presenti in {t94}, assenti invece in {t93}: essi sono brevi (0.03-0.05 mm), di colore chiaro. La forma delle pinne e pinnule dà risultati meno sicuri, ma è utile per le determinazioni di campagna; cfr. a questo proposito Pignatti S., Archivio Bot. 34: 3-4 (1958).</div>",797bf01afcb2ebfa362f8c74e426a344,597243,2500,200,"Boschi, pietraie (silice).","5-30 cm","Pianta perenne erbacea",,"G rhiz",9935001,"Felce delle querce",,"(= Polypodium dr. L.; Lastrea dr. Bory; Nephrodium dr. Michx.; Phegopteris dr. Fée non Dryopteris pheg. C. Chr. = n° 51: Dryopteris linneana C. Chr.; Dryopteris disjuncta Morton)","(L.) Newman",93,Giugno,Settembre
6486,"Gymnocarpium robertianum",Specie,"Simile a {t93}, ma fg. più robuste, rigidette, color verde-scuro, alla fine ± revolute ai margini, con sparsi peli ghiandolosi sul picciuolo e la pag. inf. (lente !); pinne inf. molto maggiori delle altre, ma sempre minori del resto della lamina.<br /><br /><div>Circumbor.</div><div>Alpi: C; App. Sett. e Centr., Pad., Cors.: R.</div><div><br /><strong>Nota</strong> - Anche l'ecologia delle due specie è abbastanza differente: {t93} vive in ambienti ombrosi e freschi, ricchi di humus, per lo più su silice oppure su terreni decalcificati, generalm. in boschi di Faggio, Abete bianco ed Abete rosso; {t94} invece si presenta su calcare, in stazioni di mezza ombra, su terreni pietrosi o addirittura su ciottoli e pietrame calcareo, muretti etc.</div><div><br />Avrebbe un'aroma simile a quello di <em>Geranium robertianum</em> L.</div>",c732ca46bc21a653541b4bc8bba4ac06,597247,2100,0,"Boschi, rupi, pietraie (calc).","3-6 dm","Pianta perenne erbacea",,"G rhiz",9935002,"Felce del calcare",,"(= Dryopteris rob. C. Chr.; Polypodium calcareum Sm.)","(Hoffm.) Newman",94,Giugno,Settembre
6389,Athyrium,Genere,,69a4d682a00246db10d15fd78ee77ccf,,,,,,,,,,Felce,,,Roth,,,
6460,"Athyrium distentifolium",Specie,"Fg. tenui e di colore chiaro, 3-pennatosette con pinnule divise in segm. acutam. dentati. Sori &lt; 1 mm.<br /><br />Artico-Alp. (Euro-amer.).<br />Alpi: C, ma localizzato; App. Sett. e Cors.: RR.",39bdf43d036cf431d8705a1bbd877d50,,2400,500,"Pietraie, massi (silice).","5-15 dm.","Pianta perenne erbacea",,"H ros",9927002,"Felce alpestre",,"(= A. alpestre [Hoppe] Rylands)",Tausch,74,Luglio,Settembre
6459,"Athyrium filix-foemina",Specie,"Rz. breve, grosso (1 cm), verticalc. Fg. 2(3)-pennatosette a contorno lanceolato; picciuolo sempre &lt; lamina, pinnule lobate o partite ed acutam. dentate. Sori reniformi con indusio sfrangiato.<br /><br />Subcosmop.<br />Alpi: C; Pad., Pen., Sic, Sard. e Cors. : R.<br /><strong><br />Variab.</strong> - Le pinnule hanno margine dentato o lobato, con lobi interi oppure a lor volta dentellati, oppure raram. sono quasi completam. divise (allora la fg. è 3-pennatosetta): non pare che si tratti di caratteri validi dal punto di vista tassonomico; per un'analisi dettagliata cfr. Goldschmidt M., Hedwigia,45: 119(1906).",966ab4555e9d85ebfa2a7e66409e7362,,2400,0,"Boschi umidi.","2-10 dm","Pianta perenne erbacea",,"H ros",9927001,"Felce femmina",,"( = Asplenium filix-f Bernh.)","(L.) Roth",73,Luglio,Settembre
6388,"Pteridium aquilinum",Specie,"Fg. con lamina a contorno triangolare (3-8 X 4-10 dm) ± villosa di sotto, 2-3pennatosetta con pinnule divise in segm. a margine generalm. intero, talora lobato o diviso (in tal caso fg. 4pennatosette). Sori marginali, lineari, coperti dal margine revoluto della fg.<br /><br />Cosmop.<br />In tutto il terr. : C.",b62a2fb311c7d959f6dbad3d4d996463,597748,2100,0,"Boschi, brughiere, incolti erbosi, su silice.","3-20 dm","Pianta perenne erbacea",,"G rhiz",9917001,"Felce aquilina",,"(= Pteris aq. L.)","(L.) Kuhn",47,Maggio,Settembre
6387,Pteris,Genere,,8df9efd54deeaf1aeeff13d8277861ae,60832,,,,,,,,,Pteride,,,Linneo,,,
6425,"Pteris vittata",Specie,"Fg. con picciuolo assai più breve della lamina, alla base con squame brune riflesse; lamina normalm. con 19-23 pinne falciformi (1.5-2 X 6-8 cm), ondulate e sottilm. seghettate sul bordo, verde scure di sopra, chiare e con nervi evidenti sotto. Sori solam. nelle pinne prossime all'apice.<br /><br />Pantrop.<br />Camp., Cal. e Sic: R; anticam. segnalata sul L. di Como ed all'Orto Botanico di Padova. In molti luoghi in via di scomparsa.",e8ea5ff9b0216f4a8b289dec041e652b,597257,300,0,"Rupi e muri umidi.","3-5 dm","Pianta perenne erbacea",,"H ros",9913003,"Pteridio a foglie lunghe",,"(= P. longifolia var. vittata Nic.)",Linneo,44,Luglio,Ottobre
6424,"Pteris cretica",Specie,"Fg. con picciuolo generalm. più lungo della lamina, questa divisa in pinne lineari (1 X 10-15 cm) acute, seghettate verso l'apice. Sori disposti lungo una linea sul margine delle pinne.<br /><br />Pantropic.<br />Laghi insubrici, Alpi Mariti., App. Sett., A. Apuane, Versilia, It. Merid., Sic, Sard., Cors. ed in molte Is. minori: R.<br /><br /><strong>Nota</strong> - L'affine <em>P. multifida</em> Poiret, colt. nei giardini e raram. avventizia, si distingue per le fg. minori, divise in 2-4 pinne, delle quali le inf. sono brevem. picciuolate, le sup. decorrenti. È nota da giardini di Padova, Vicenza, Verona, Brescia, Milano, Como, Firenze, Siena, però non pare mostri tendenza ad inserirsi nella vegetazione naturale.",20cfbfb94e5a54969b0d41b0153d21f6,492427,800,100,"Rupi ombrose, muri","5-10 dm.","Pianta perenne erbacea",,"H ros",9913002,"Pteride di Creta",,,Linneo,43,Luglio,Settembre
6386,"Adiantum capillus-veneris",Specie,"Rz. strisciante nerastro. Fg. bipennatosette; pinnule cuneate, flabellate o romboidali (1-3 cm), tenui, su peduncoli capillari neri, generalm. flessuosi; picciuolo e rachide pure neri, lucidi.<br /><br />Pantropic.<br />Lig., Pen., Sic, Sard., Cors. ed Is. minori: C; Pad. e rilievi prealpini: R.",6fee8f4ff86a5cf6f5670dc5afd029cc,597687,1500,0,"Rocce stillicidiose, pozzi, grotte e sorgenti.","1-4 dm","Pianta perenne erbacea",,"G rhiz",9912001,"Capelvenere comune",,,Linneo,42,Luglio,Settembre
6385,"Hymenophyllum tunbrigense",Specie,"Rz. filiforme, gracile, orizzontale. Fg. delicate con lamina &gt; picciuolo, verde-cupa, a contorno obovato o lanceolato, bipennatosetta con pinnule denticolate. Sori brevem. peduncolati, inseriti alla base delle pinne inf. delle fg.<br /><br />Subcosmop.<br />Alpi Apuane, M. Pisano e Marche al M. Nerone: R; Cors. ?<br /><br />Da Tunbridge, cittadina pr. Londra.",c5e5e14ffc0b2cf2a65565636567ed3e,487683,300,100,"Castagneti e rupi stillicidiose.","3-7 cm.","Pianta perenne erbacea",,"G rhiz",9919001,"Felcetta apuana",,,"(L.) Sm.",48,Maggio,Luglio
6384,Cheilanthes,Genere,,c4eec9d79160f58a43ff46f45ad978f5,60856,,,,,,,,,Felcetta,,,Swartz,,,
6420,"Cheilanthes vellea",Specie,"Rz. breve. Fg. bipennatosette a contorno lineare-lanceolato (massima largh. verso la metà); picciuolo lungo ⅓ della lamina; pinnule oblunghe, intere o dentate.<br /><br />Euro-Medit.-Turan.<br /><br />It. Merid. ed ls.: R.",603416166bf07564ba3a03f7ae52cb5c,46343163,500,0,"Rupi soleggiate.","5-20 cm.",,,"H ros",9910004,"Felcetta catanese",,"( = Notholaena vellea Desv.; Ch. catanensis [Cosent.] H. P. Fuchs)","(Aiton) F. v. Muell.",40,Marzo,Settembre
6419,"Cheilanthes persica",Specie,"Fg. 3-4 pennatosette con lamina triangolare; pinnule 1-2 volte completam. divise in segm. ovali o subrotondi; picciuolo &lt; della lamina.<br /><br />NE-Medit-Turan.<br /><br />Faentino: RR e probabilm. scomparsa.",a75b83bcf2e36eda8647c7ee26917310,6123077,200,100,"Rupi gessose.",5-12cm.,"Pianta perenne erbacea",,"H ros",9910005,"Felcetta persiana",,,"(Bory) Mett.",41,Luglio,Luglio
6418,"Cheilanthes pteridioides",Gruppo,"Rz. breve. Fg. 2-3 pennatosette, glabre sulle due facce (ovv. pelose se giovani); pinnule lobate o partite in 5-9 segm.; odore di cumarina.<br /><br />Il gruppo comprende una sp. ampiam. diffusa ({t37}), tetraploide, dalla quale sono state recentem. distinte {t38} (diploide) e {t39}, che verosimilm. rappresenta un allotetraploide derivato dall'incrocio di {t38} con <em>Ch. hispanica</em> Mett., che non esiste da noi.<br /><br />Cfr. anche gli aggiornamenti a pag. 72.",,,,,,,,,,,,,,,,,
6423,"Cheilanthes corsica",Specie,"Fg. con lamina a contorno deltoide-ovale ovv. deltoide-lanceolato; picciuolo lungo (0.5)1-1.8(3) volte la lamina.<br /><br />W-Medit. (Steno).<br />Cors. (pr. Bastia, Evisa, Bonifacio) e forse Elba sul Volterraio: RR.<br /><br />Bibl: Reichstein und Vida, Candollea 28: 83-91 (1973).",fb7c75e79edd42c6d1cbd5334e3540dd,,300,0,"Rocce (granito).","3-25 cm.","Pianta perenne erbacea",,"H ros",9910007,"Felcetta di Corsica",,,"Reichst. et Vida",39,Aprile,Settembre
6422,"Cheilanthes maderensis",Specie,"Fg. con lamina a contorno ovale-lanceolato o con lati ± paralleli; picciuolo lungo (0.2)0.25-1(2) volte la lamina.<br /><br />W-Medit.-Macarones.<br />Sic. da Messina a Catania, Eolie, Pantelleria, Sard. (Cap0terra, Talentino, Orosei), Cors. (Bastia, Casta, Torre): RR ed in molti luoghi da verificare.<br /><br />Bibl.: Beni, Min. Bot. Munchen 6: 33-45 (1966); Vida, Page, Walker und Reichstein, Bauhinia 4: 223-253 (1970).",b50fefa593dccb4a238ef37eafe11480,6123010,600,0,Rocce.,"3-15 cm.","Pianta perenne erbacea",,"H ros",9910006,"Felcetta di Madera",,,Lowe,38,Marzo,Settembre
6421,"Cheilanthes pteridioides",Specie,"Fg. con lamina a contorno lanceolato; picciuolo generalm. più breve della lamina.<br /><br />Steno - Medit.-Turan.<br /><br />It. Merid., verso N fino al Garg. e Napol., Sic, Sard., Cors. e molte Is. minori: C; anche nel Pisano, Lig. e nelle valli aride delle Alpi Occid. (Susa, V. Aosta, V. Sesia, Chiavenna, probabilm. scomparsa da Domodossola).",171c12ea476110ffd62990353cc5c40e,6122909,1000,0,"Rocce o muri.","3-15 cm.",,,"H ros",9910002,"Felcetta odorosa",,"(= Ch. fragrans [L. fil] Swartz)","(Reichard) C. Chr.",37,Marzo,Settembre
6417,"Cheilanthes marantae",Specie,"Rz. legnoso orizz. Fg. bipennatosette con lamina a contorno lanceolato (2-3 X 8-12 cm); pinne inf. (10 X 15-22 mm) generalm. più brevi o subeguali alle medie; pinnule lanceolate, intere, raram. lobate; pag. inf. completam. ricoperta di peli (squame lesiniformi pluricellulari).<br /><br />Paleosubtrop.<br />Alpi Occ, App. Sen., Cors., Arcip. Tosc: R; anche sui C. Eug., Bolzano e V. Venosta.<br /><br />Bibl.: Pichi Sermolli R. e Maspes V., Webbia 17: 407-451 (1963).<br /><br />Maranta B. (sec. XVI) medico e naturalista veneziano.",b9a051f0d433638f5f647360fc71ab4e,6086430,1200,0,"Rocce soleggiate, muri.","1-4 dm","Pianta perenne erbacea",,"H ros",9910001,"Felcetta lanosa",,"(= Notholaena mar. Desv.)","(L.) Domin",36,Giugno,Settembre
6383,Woodsia,Genere,"Bibl.: Pichi Sermolli R., Webbia 12: 179-216 (1956); Brown D. F. M., Beih. Nova Hedwigia 16, pagg. 1-154(1964).",5846cdbe9000c3dc555197e315a00f24,27626,,,,,,,,,Felcetta,,,"R. Br.",,,
6469,"Woodsia pulchella",Specie,"Simile a {t78} (ed a {t75}!), ma minore; picciuolo subnullo; pinne brevi, a contorno ovato, le inf. ± completam. divise in pinnule flabellato-cuneate.<br /><br />(Circum-) Artico-alp.<br />Alpi Ven. dal Tarvis. alle Dolom. di Brenta e Grigne: R; C. Tic. al M. Generoso.",7630aa4c73f1b0d0ae127c1c2f2611c8,,2300,1000,"Rupi, rocce dolom.","6-10 cm.","Pianta perenne erbacea",,"H caesp",9930003,"Felcetta glabra",,"(= W. glabella Auct. Fl. Ital. an R. Br.)",Bertol.,80,Luglio,Agosto
6468,"Woodsia alpina",Specie,"Simile a {t78}, ma minore con picciuoli &gt; lamina; pinnule subrotonde, intere.<br /><br />(Circum-) Artico-alp.<br />Alpi, dal M. Croce Carnico alla V. Roya: R; anche sul! App. al M. Orsaro e M. Velino.<br /><br /><strong>Variab.</strong> - E nota una var. pseudoglabella Christ, che ha l'habitus di 80 e se ne distingue per i picciuoli peloso-squamosi.",a7da67de4d10a0e1f759ee14ed56a56c,597331,1600,900,"Rupi e pietraie (prefer. silice).","5-15 cm.","Pianta perenne erbacea",,"H caesp",9930002,"Felcetta alpina",,"( = W. hyperborea R. Br.)","(Bolton) S. F. Gray",79,Luglio,Agosto
6467,"Woodsia ilvensis",Specie,"Fg. con picciuolo &gt; lamina, questa a contorno laceolato, 2-pennatosetta con pinnule ovali intere o crenate. Sori subrotondi.<br /><br />(Circum-) Artico-alp.<br />Grigioni e C. Tic: RR; Alpe di Siusi, probabilm. per errore.<br /><br />Dall'antico nome (Uva) dell'Is. d'Elba, dove tuttavia questa sp. non cresce.",504e8d82db8b99f48e7395ec21fa2810,597309,1800,800,"Pietraie e ghiaioni (silice).","10-20 cm.","Pianta perenne erbacea",,"H caesp",9930001,"Felcetta pelosa",,,"(L.) R. Br.",78,Giugno,Agosto
6382,Ceterach,Genere,,,,,,,,,,,,Cedracca,,,DC.,,,
6455,"Ceterach javorkeanum",Specie,"Simile a {t69}, ma con pinne più strette e distanziate; inoltre le spore sono lunghe in media 32-39 µ.<br /><br />SE-Europ.<br />It. Centr. (M. Subasio, M. Luco, Spoleto, Tivoli), Camp. (Vesuvio, Castella-mare di Stabia, Positano), Garg. e Messinese: R, ma da ricercare ulteriorm.<br /><br /><strong>Nota</strong> - L'esistenza di questa sp. venne postulata dalla Manton (1950) per spiegare l'insorgere di {t72}/B, che era stata precedentem. interpretata come ibrida fra {t69} e {t72}. Però {t69} è tetraploide (2n = 144), {t72} diploide (2n = 72), quindi il prodotto d'incrocio avrebbe dovuto essere un triploide con 108 cromosomi, mentre {t72}/b risultava tetraploide (2n = 144). Questo poteva essere spiegato solamente ammettendo l'esistenza di una <em>Ceterach</em> diploide, che è stata identificata in {t70}. I facili rapporti d'ibridazione fanno pensare che i gen. 20-22 andrebbero probabilm. riuniti.<br /><br />Bibl.: Vida G., Àcta Bot. Acad. Se. Hungar. 9: 197 (1963).<br /><br />Javorka S. (1883-1961), autore di un'importante Flora dell'Ungheria.",51032c561a0c11f78cdf05130dd839ec,,1000,0,Rupi.,"10-22 cm.","Pianta perenne erbacea",,"H ros",9924002,"Cedracca di Javorka",,,Vida,70,Maggio,Agosto
6454,"Ceterach officinarum",Specie,"Fg. in rosetta densa, verdi e coriacee di sopra, di sotto coperte da uno strato di squame brunastre, con l'aspetto di peli lanosi; lamina lunga 2-4 volte il picciuolo a contorno lineare-subspatolato, incompletam. pennato-composta; pinne maggiori larghe 4-6 mm e lunghe 8-10 mm, talora quasi toccantisi sui bordi. Sori lineari con indusio rudimentale, seminascosti dalle squame.<br /><br />Euras.-temp.<br />In tutto il terr.: C (Pad.: R).",d6f9917ad633b283cc963b00552770e4,820106,2000,0,"Muri, rupi e macereti.","5-15 cm","Pianta perenne erbacea",,"H ros",9924001,"Cedracca comune",,,DC.,69,Maggio,Agosto
